[{"model": "contenttypes.contenttype", "pk": 1, "fields": {"app_label": "admin", "model": "logentry"}}, {"model": "contenttypes.contenttype", "pk": 2, "fields": {"app_label": "auth", "model": "permission"}}, {"model": "contenttypes.contenttype", "pk": 3, "fields": {"app_label": "auth", "model": "group"}}, {"model": "contenttypes.contenttype", "pk": 4, "fields": {"app_label": "auth", "model": "user"}}, {"model": "contenttypes.contenttype", "pk": 5, "fields": {"app_label": "contenttypes", "model": "contenttype"}}, {"model": "contenttypes.contenttype", "pk": 6, "fields": {"app_label": "sessions", "model": "session"}}, {"model": "contenttypes.contenttype", "pk": 7, "fields": {"app_label": "gpf", "model": "actor"}}, {"model": "contenttypes.contenttype", "pk": 8, "fields": {"app_label": "gpf", "model": "archelogy"}}, {"model": "contenttypes.contenttype", "pk": 9, "fields": {"app_label": "gpf", "model": "creditortype"}}, {"model": "contenttypes.contenttype", "pk": 10, "fields": {"app_label": "gpf", "model": "department"}}, {"model": "contenttypes.contenttype", "pk": 11, "fields": {"app_label": "gpf", "model": "document"}}, {"model": "contenttypes.contenttype", "pk": 12, "fields": {"app_label": "gpf", "model": "permitrequest"}}, {"model": "contenttypes.contenttype", "pk": 13, "fields": {"app_label": "gpf", "model": "sitetype"}}, {"model": "contenttypes.contenttype", "pk": 14, "fields": {"app_label": "gpf", "model": "validation"}}, {"model": "contenttypes.contenttype", "pk": 15, "fields": {"app_label": "gpf", "model": "mail"}}, {"model": "contenttypes.contenttype", "pk": 16, "fields": {"app_label": "gpf", "model": "archeotype"}}, {"model": "contenttypes.contenttype", "pk": 17, "fields": {"app_label": "gpf", "model": "administrativeentity"}}, {"model": "contenttypes.contenttype", "pk": 18, "fields": {"app_label": "gpf", "model": "validationcommentsample"}}, {"model": "contenttypes.contenttype", "pk": 19, "fields": {"app_label": "permits", "model": "permitrequest"}}, {"model": "contenttypes.contenttype", "pk": 20, "fields": {"app_label": "permits", "model": "worksobject"}}, {"model": "contenttypes.contenttype", "pk": 21, "fields": {"app_label": "permits", "model": "worksobjecttype"}}, {"model": "contenttypes.contenttype", "pk": 22, "fields": {"app_label": "permits", "model": "workstype"}}, {"model": "contenttypes.contenttype", "pk": 23, "fields": {"app_label": "permits", "model": "worksobjecttypechoice"}}, {"model": "contenttypes.contenttype", "pk": 24, "fields": {"app_label": "permits", "model": "worksobjectproperty"}}, {"model": "contenttypes.contenttype", "pk": 25, "fields": {"app_label": "permits", "model": "worksobjectpropertyvalue"}}, {"model": "contenttypes.contenttype", "pk": 26, "fields": {"app_label": "permits", "model": "permitrequestactor"}}, {"model": "contenttypes.contenttype", "pk": 27, "fields": {"app_label": "permits", "model": "permitactortype"}}, {"model": "contenttypes.contenttype", "pk": 28, "fields": {"app_label": "permits", "model": "permitactor"}}, {"model": "sessions.session", "pk": "00jyhzcr7y0yzojxcxxf231myyariej9", "fields": {"session_data": "ZTQ5ZWE4MTM3NzQ2MjUwOTk4MjNmMmQ2NjZlMTliMDgyNmUzZDRhZjp7Il9hdXRoX3VzZXJfaWQiOiIxIiwiX2F1dGhfdXNlcl9iYWNrZW5kIjoiZGphbmdvLmNvbnRyaWIuYXV0aC5iYWNrZW5kcy5Nb2RlbEJhY2tlbmQiLCJfYXV0aF91c2VyX2hhc2giOiJmYmRlMWEyZWVkNTEwYzgyMmUzYWFlMmI0NzhhYjI1MWJkZDIxNWUwIn0=", "expire_date": "2020-01-02T08:19:59.114Z"}}, {"model": "sessions.session", "pk": "220hll40xkcdfdwfh2owoubhe5czg9ya", "fields": {"session_data": "MTI5OGYwMjQ4MzQ5ZjYzMzE2ZGRlMjE2YWY2MWI4YzRmMDhkY2MxNzp7Il9hdXRoX3VzZXJfaWQiOiIxIiwiX2F1dGhfdXNlcl9iYWNrZW5kIjoiZGphbmdvLmNvbnRyaWIuYXV0aC5iYWNrZW5kcy5Nb2RlbEJhY2tlbmQiLCJfYXV0aF91c2VyX2hhc2giOiJhZjY4ODE1NzRiM2ExNWU3MTlmMmMyNDJmZjJkOWViY2M5ODQxOGZjIn0=", "expire_date": "2020-01-02T12:42:03.365Z"}}, {"model": "sessions.session", "pk": "3zqj8h0bp463fz8ichg49rbnwoxbohx3", "fields": {"session_data": "MTI5OGYwMjQ4MzQ5ZjYzMzE2ZGRlMjE2YWY2MWI4YzRmMDhkY2MxNzp7Il9hdXRoX3VzZXJfaWQiOiIxIiwiX2F1dGhfdXNlcl9iYWNrZW5kIjoiZGphbmdvLmNvbnRyaWIuYXV0aC5iYWNrZW5kcy5Nb2RlbEJhY2tlbmQiLCJfYXV0aF91c2VyX2hhc2giOiJhZjY4ODE1NzRiM2ExNWU3MTlmMmMyNDJmZjJkOWViY2M5ODQxOGZjIn0=", "expire_date": "2020-04-14T13:54:11.649Z"}}, {"model": "sessions.session", "pk": "adlnvjfex14aj67843pvxqt082dzta55", "fields": {"session_data": "MTI5OGYwMjQ4MzQ5ZjYzMzE2ZGRlMjE2YWY2MWI4YzRmMDhkY2MxNzp7Il9hdXRoX3VzZXJfaWQiOiIxIiwiX2F1dGhfdXNlcl9iYWNrZW5kIjoiZGphbmdvLmNvbnRyaWIuYXV0aC5iYWNrZW5kcy5Nb2RlbEJhY2tlbmQiLCJfYXV0aF91c2VyX2hhc2giOiJhZjY4ODE1NzRiM2ExNWU3MTlmMmMyNDJmZjJkOWViY2M5ODQxOGZjIn0=", "expire_date": "2020-01-02T12:49:19.648Z"}}, {"model": "sessions.session", "pk": "jn1y92ng5q7d014goz1fquq473r0f0vp", "fields": {"session_data": "MTI5OGYwMjQ4MzQ5ZjYzMzE2ZGRlMjE2YWY2MWI4YzRmMDhkY2MxNzp7Il9hdXRoX3VzZXJfaWQiOiIxIiwiX2F1dGhfdXNlcl9iYWNrZW5kIjoiZGphbmdvLmNvbnRyaWIuYXV0aC5iYWNrZW5kcy5Nb2RlbEJhY2tlbmQiLCJfYXV0aF91c2VyX2hhc2giOiJhZjY4ODE1NzRiM2ExNWU3MTlmMmMyNDJmZjJkOWViY2M5ODQxOGZjIn0=", "expire_date": "2020-01-30T08:26:23.886Z"}}, {"model": "sessions.session", "pk": "tz99bhrss93mhex5jty0iqct9z70cx24", "fields": {"session_data": "MTI5OGYwMjQ4MzQ5ZjYzMzE2ZGRlMjE2YWY2MWI4YzRmMDhkY2MxNzp7Il9hdXRoX3VzZXJfaWQiOiIxIiwiX2F1dGhfdXNlcl9iYWNrZW5kIjoiZGphbmdvLmNvbnRyaWIuYXV0aC5iYWNrZW5kcy5Nb2RlbEJhY2tlbmQiLCJfYXV0aF91c2VyX2hhc2giOiJhZjY4ODE1NzRiM2ExNWU3MTlmMmMyNDJmZjJkOWViY2M5ODQxOGZjIn0=", "expire_date": "2020-04-13T19:07:40.728Z"}}, {"model": "gpf.administrativeentity", "pk": 1, "fields": {"name": "D\u00e9mo Yverdon", "ofs_id": 1234, "geom": "SRID=2056;MULTIPOLYGON (((2538935.69416744 1180141.182049262, 2538267.394043196 1181455.042749613, 2539267.090969383 1181784.579524201, 2540337.757423885 1181355.616638481, 2538935.69416744 1180141.182049262)))"}}, {"model": "gpf.administrativeentity", "pk": 2, "fields": {"name": "D\u00e9mo Grandson", "ofs_id": 1235, "geom": "SRID=2056;MULTIPOLYGON (((2539479.012993412 1184588.705351053, 2538601.252153953 1185877.574301813, 2539327.417583816 1187724.245133733, 2541131.410939377 1187392.868906531, 2539479.012993412 1184588.705351053)))"}}, {"model": "gpf.sitetype", "pk": 1, "fields": {"description": "Trottoir"}}, {"model": "gpf.sitetype", "pk": 2, "fields": {"description": "Chauss\u00e9e"}}, {"model": "gpf.creditortype", "pk": 1, "fields": {"name": "Entreprise"}}, {"model": "gpf.creditortype", "pk": 2, "fields": {"name": "Ma\u00eetre d'ouvrage"}}, {"model": "gpf.archeotype", "pk": 1, "fields": {"description": "Inconnue"}}, {"model": "gpf.archeotype", "pk": 2, "fields": {"description": "D\u00e9j\u00e0 fouill\u00e9"}}, {"model": "gpf.archeotype", "pk": 3, "fields": {"description": "Partiellement fouill\u00e9"}}, {"model": "gpf.archeotype", "pk": 4, "fields": {"description": "Pas fouill\u00e9"}}, {"model": "gpf.permitrequest", "pk": 1, "fields": {"amount": null, "paid": false, "validated": false, "sent": false, "ended": false, "date_start": "2019-12-21", "date_end": "2019-12-28", "date_effective_end": null, "length": "2.00", "width": "2.00", "road_marking_damaged": true, "is_green_area": false, "invoice_to": 1, "company": 2, "project_owner": 1, "administrative_entity": 1, "sitetype": 1, "description": "Demo", "has_archeology": false, "archeotype": null, "address": "Demo Adress 2", "zipcode": null, "city": null, "date_end_work": null, "date_end_work_announcement": null, "date_last_printed": null, "report_filename": null, "date_request_created": "2019-12-19", "geom": "SRID=2056;MULTIPOINT (2538961.079349356 1181060.518743775)"}}, {"model": "gpf.validation", "pk": 1, "fields": {"department": 2, "permitrequest": 1, "accepted": false, "comment": ""}}, {"model": "gpf.mail", "pk": 1, "fields": {"type": "permit_send", "recipients": "demomail@demodemo.demo", "subject": "Permis de fouille d\u00e9livr\u00e9", "body": "Demo message", "administrative_entity": 1}}, {"model": "gpf.mail", "pk": 2, "fields": {"type": "single_validation_remainder", "recipients": "none", "subject": "Un permis attend votre validation", "body": "Demo message", "administrative_entity": 1}}, {"model": "gpf.mail", "pk": 3, "fields": {"type": "daily_validation_remainder", "recipients": "none", "subject": "Une demande de permis attend votre validation", "body": "Demo message", "administrative_entity": 1}}, {"model": "gpf.mail", "pk": 4, "fields": {"type": "end_work_announcement", "recipients": "demomail@demodemo.demo", "subject": "Annonce de fin de travaux", "body": "Demo message", "administrative_entity": 1}}, {"model": "gpf.mail", "pk": 5, "fields": {"type": "new_permit", "recipients": "demomail@demodemo.demo", "subject": "Une nouvelle demande de permis de fouille a \u00e9t\u00e9 d\u00e9pos\u00e9e", "body": "Demo message", "administrative_entity": 1}}, {"model": "gpf.mail", "pk": 6, "fields": {"type": "permit_confirmation", "recipients": "demomail@demodemo.demo", "subject": "Nouvelle demande de permis de fouille", "body": "Demo message", "administrative_entity": 1}}, {"model": "permits.permitactor", "pk": 3, "fields": {"name": "2", "firstname": "2", "company_name": "", "vat_number": "", "address": "Purasca Superiore", "zipcode": 6989, "city": "Purasca", "phone": "", "email": "sit@ylb.ch"}}, {"model": "permits.permitactor", "pk": 4, "fields": {"name": "ee", "firstname": "ee", "company_name": "", "vat_number": "", "address": "Tessenbergstrasse 1", "zipcode": 2505, "city": "Biel/Bienne", "phone": "", "email": "sit@ylb.ch"}}, {"model": "permits.permitactor", "pk": 5, "fields": {"name": "555", "firstname": "555", "company_name": "", "vat_number": "", "address": "Rue du Centre 74", "zipcode": 2405, "city": "La Chaux-du-Milieu", "phone": "", "email": "sit@ylb.ch"}}, {"model": "permits.permitactor", "pk": 38, "fields": {"name": "Marcel", "firstname": "Dupond", "company_name": "Construction SA", "vat_number": "CHE-123.123.123", "address": "Rue du Stade 1", "zipcode": 1950, "city": "Sion", "phone": "", "email": "sit@ylb.ch"}}, {"model": "permits.permitactor", "pk": 39, "fields": {"name": "test-mo", "firstname": "test-mo", "company_name": "test-mo", "vat_number": "", "address": "Rue du Centre 74", "zipcode": 2405, "city": "La Chaux-du-Milieu", "phone": "", "email": "sit@ylb.ch"}}, {"model": "permits.permitactor", "pk": 41, "fields": {"name": "qwertz", "firstname": "asd", "company_name": "asd", "vat_number": "asd", "address": "Rue des Vaudr\u00e8s", "zipcode": 1815, "city": "Clarens", "phone": "", "email": "sit@ylb.ch"}}, {"model": "permits.permitactor", "pk": 43, "fields": {"name": "test-proprio", "firstname": "test", "company_name": "", "vat_number": "", "address": "Rue du Temple 73", "zipcode": 2405, "city": "La Chaux-du-Milieu", "phone": "", "email": "sit@ylb.ch"}}, {"model": "permits.permitactor", "pk": 44, "fields": {"name": "t2", "firstname": "Rue du", "company_name": "", "vat_number": "", "address": "Chemin des Couleuvres 4b", "zipcode": 1295, "city": "Tannay", "phone": "", "email": "sit@ylb.ch"}}, {"model": "permits.permitactor", "pk": 45, "fields": {"name": "tututititit", "firstname": "Dupond", "company_name": "Dupond", "vat_number": "", "address": "Place Pestalozzi 8", "zipcode": 1400, "city": "Yverdon-les-Bains", "phone": "", "email": "olm@ylb.ch"}}, {"model": "permits.permitactor", "pk": 46, "fields": {"name": "Dupond", "firstname": "Dupond", "company_name": "Dupond", "vat_number": "", "address": "Place Pestalozzi 8", "zipcode": 1400, "city": "Yverdon-les-Bains", "phone": "", "email": "olm@ylb.ch"}}, {"model": "permits.worksobjecttypechoice", "pk": 73, "fields": {"permit_request": 104, "works_object_type": 83}}, {"model": "permits.worksobjecttypechoice", "pk": 75, "fields": {"permit_request": 105, "works_object_type": 68}}, {"model": "permits.worksobjecttypechoice", "pk": 76, "fields": {"permit_request": 106, "works_object_type": 45}}, {"model": "permits.worksobjecttypechoice", "pk": 77, "fields": {"permit_request": 107, "works_object_type": 57}}, {"model": "permits.permitactortype", "pk": 11, "fields": {"type": 2, "works_type": 2}}, {"model": "permits.permitactortype", "pk": 12, "fields": {"type": 2, "works_type": 7}}, {"model": "permits.permitactortype", "pk": 13, "fields": {"type": 2, "works_type": 10}}, {"model": "permits.permitactortype", "pk": 14, "fields": {"type": 2, "works_type": 9}}, {"model": "permits.permitactortype", "pk": 15, "fields": {"type": 2, "works_type": 11}}, {"model": "permits.permitactortype", "pk": 16, "fields": {"type": 2, "works_type": 8}}, {"model": "permits.permitactortype", "pk": 17, "fields": {"type": 5, "works_type": 12}}, {"model": "permits.permitactortype", "pk": 18, "fields": {"type": 6, "works_type": 12}}, {"model": "permits.permitactortype", "pk": 19, "fields": {"type": 3, "works_type": 6}}, {"model": "permits.permitactortype", "pk": 21, "fields": {"type": 3, "works_type": 11}}, {"model": "permits.permitactortype", "pk": 22, "fields": {"type": 4, "works_type": 6}}, {"model": "permits.permitactortype", "pk": 23, "fields": {"type": 3, "works_type": 9}}, {"model": "permits.permitrequestactor", "pk": 1, "fields": {"actor": 45, "permit_request": 107, "actor_type": 0}}, {"model": "permits.permitrequestactor", "pk": 4, "fields": {"actor": 46, "permit_request": 107, "actor_type": 0}}, {"model": "permits.permitrequest", "pk": 104, "fields": {"status": 0, "created_at": "2020-03-30T16:16:28.570Z", "validated_at": null, "administrative_entity": 1, "author": 2}}, {"model": "permits.permitrequest", "pk": 105, "fields": {"status": 0, "created_at": "2020-03-30T19:07:47.029Z", "validated_at": null, "administrative_entity": 1, "author": 2}}, {"model": "permits.permitrequest", "pk": 106, "fields": {"status": 0, "created_at": "2020-03-31T14:38:03.987Z", "validated_at": null, "administrative_entity": 1, "author": 2}}, {"model": "permits.permitrequest", "pk": 107, "fields": {"status": 0, "created_at": "2020-03-31T14:49:34.081Z", "validated_at": null, "administrative_entity": 1, "author": 2}}, {"model": "permits.workstype", "pk": 2, "fields": {"name": "D\u00e9molition"}}, {"model": "permits.workstype", "pk": 6, "fields": {"name": "Chantier sur domaine public (fouille, d\u00e9p\u00f4t,...)"}}, {"model": "permits.workstype", "pk": 7, "fields": {"name": "Nouvelle construction"}}, {"model": "permits.workstype", "pk": 8, "fields": {"name": "Abattage d'arbre"}}, {"model": "permits.workstype", "pk": 9, "fields": {"name": "Transformation, r\u00e9novation, agrandissement"}}, {"model": "permits.workstype", "pk": 10, "fields": {"name": "Mise en conformit\u00e9"}}, {"model": "permits.workstype", "pk": 11, "fields": {"name": "Modification du terrain"}}, {"model": "permits.workstype", "pk": 12, "fields": {"name": "\u00c9v\u00e9nement sur domaine public (Culturel, sportif, ...)"}}, {"model": "permits.worksobjecttype", "pk": 8, "fields": {"works_type": 6, "works_object": 5, "administrative_entities": [1]}}, {"model": "permits.worksobjecttype", "pk": 9, "fields": {"works_type": 6, "works_object": 6, "administrative_entities": [1]}}, {"model": "permits.worksobjecttype", "pk": 10, "fields": {"works_type": 6, "works_object": 7, "administrative_entities": [1]}}, {"model": "permits.worksobjecttype", "pk": 11, "fields": {"works_type": 12, "works_object": 41, "administrative_entities": [1]}}, {"model": "permits.worksobjecttype", "pk": 12, "fields": {"works_type": 12, "works_object": 42, "administrative_entities": [1]}}, {"model": "permits.worksobjecttype", "pk": 13, "fields": {"works_type": 12, "works_object": 43, "administrative_entities": [1]}}, {"model": "permits.worksobjecttype", "pk": 14, "fields": {"works_type": 7, "works_object": 8, "administrative_entities": [1]}}, {"model": "permits.worksobjecttype", "pk": 15, "fields": {"works_type": 9, "works_object": 9, "administrative_entities": [1]}}, {"model": "permits.worksobjecttype", "pk": 16, "fields": {"works_type": 9, "works_object": 10, "administrative_entities": [1]}}, {"model": "permits.worksobjecttype", "pk": 17, "fields": {"works_type": 9, "works_object": 11, "administrative_entities": [1]}}, {"model": "permits.worksobjecttype", "pk": 18, "fields": {"works_type": 9, "works_object": 12, "administrative_entities": [1]}}, {"model": "permits.worksobjecttype", "pk": 19, "fields": {"works_type": 7, "works_object": 13, "administrative_entities": [1]}}, {"model": "permits.worksobjecttype", "pk": 20, "fields": {"works_type": 2, "works_object": 13, "administrative_entities": [1]}}, {"model": "permits.worksobjecttype", "pk": 21, "fields": {"works_type": 9, "works_object": 14, "administrative_entities": [1]}}, {"model": "permits.worksobjecttype", "pk": 22, "fields": {"works_type": 7, "works_object": 15, "administrative_entities": [1]}}, {"model": "permits.worksobjecttype", "pk": 23, "fields": {"works_type": 2, "works_object": 15, "administrative_entities": [1]}}, {"model": "permits.worksobjecttype", "pk": 24, "fields": {"works_type": 9, "works_object": 15, "administrative_entities": [1]}}, {"model": "permits.worksobjecttype", "pk": 25, "fields": {"works_type": 9, "works_object": 13, "administrative_entities": [1]}}, {"model": "permits.worksobjecttype", "pk": 26, "fields": {"works_type": 9, "works_object": 16, "administrative_entities": [1]}}, {"model": "permits.worksobjecttype", "pk": 27, "fields": {"works_type": 7, "works_object": 17, "administrative_entities": [1]}}, {"model": "permits.worksobjecttype", "pk": 28, "fields": {"works_type": 2, "works_object": 17, "administrative_entities": [1]}}, {"model": "permits.worksobjecttype", "pk": 29, "fields": {"works_type": 9, "works_object": 17, "administrative_entities": [1]}}, {"model": "permits.worksobjecttype", "pk": 30, "fields": {"works_type": 7, "works_object": 18, "administrative_entities": [1]}}, {"model": "permits.worksobjecttype", "pk": 31, "fields": {"works_type": 2, "works_object": 18, "administrative_entities": [1]}}, {"model": "permits.worksobjecttype", "pk": 32, "fields": {"works_type": 2, "works_object": 19, "administrative_entities": [1]}}, {"model": "permits.worksobjecttype", "pk": 33, "fields": {"works_type": 7, "works_object": 19, "administrative_entities": [1]}}, {"model": "permits.worksobjecttype", "pk": 34, "fields": {"works_type": 2, "works_object": 20, "administrative_entities": [1]}}, {"model": "permits.worksobjecttype", "pk": 35, "fields": {"works_type": 7, "works_object": 20, "administrative_entities": [1]}}, {"model": "permits.worksobjecttype", "pk": 36, "fields": {"works_type": 2, "works_object": 21, "administrative_entities": [1]}}, {"model": "permits.worksobjecttype", "pk": 37, "fields": {"works_type": 7, "works_object": 21, "administrative_entities": [1]}}, {"model": "permits.worksobjecttype", "pk": 38, "fields": {"works_type": 2, "works_object": 22, "administrative_entities": [1]}}, {"model": "permits.worksobjecttype", "pk": 39, "fields": {"works_type": 7, "works_object": 22, "administrative_entities": [1]}}, {"model": "permits.worksobjecttype", "pk": 40, "fields": {"works_type": 9, "works_object": 23, "administrative_entities": [1]}}, {"model": "permits.worksobjecttype", "pk": 41, "fields": {"works_type": 2, "works_object": 24, "administrative_entities": [1]}}, {"model": "permits.worksobjecttype", "pk": 42, "fields": {"works_type": 7, "works_object": 24, "administrative_entities": [1]}}, {"model": "permits.worksobjecttype", "pk": 43, "fields": {"works_type": 2, "works_object": 25, "administrative_entities": [1]}}, {"model": "permits.worksobjecttype", "pk": 44, "fields": {"works_type": 7, "works_object": 25, "administrative_entities": [1]}}, {"model": "permits.worksobjecttype", "pk": 45, "fields": {"works_type": 2, "works_object": 26, "administrative_entities": [1]}}, {"model": "permits.worksobjecttype", "pk": 46, "fields": {"works_type": 7, "works_object": 26, "administrative_entities": [1]}}, {"model": "permits.worksobjecttype", "pk": 47, "fields": {"works_type": 9, "works_object": 26, "administrative_entities": [1]}}, {"model": "permits.worksobjecttype", "pk": 48, "fields": {"works_type": 9, "works_object": 27, "administrative_entities": [1]}}, {"model": "permits.worksobjecttype", "pk": 49, "fields": {"works_type": 2, "works_object": 27, "administrative_entities": [1]}}, {"model": "permits.worksobjecttype", "pk": 50, "fields": {"works_type": 7, "works_object": 27, "administrative_entities": [1]}}, {"model": "permits.worksobjecttype", "pk": 51, "fields": {"works_type": 2, "works_object": 28, "administrative_entities": [1]}}, {"model": "permits.worksobjecttype", "pk": 52, "fields": {"works_type": 7, "works_object": 28, "administrative_entities": [1]}}, {"model": "permits.worksobjecttype", "pk": 53, "fields": {"works_type": 9, "works_object": 28, "administrative_entities": [1]}}, {"model": "permits.worksobjecttype", "pk": 54, "fields": {"works_type": 2, "works_object": 29, "administrative_entities": [1]}}, {"model": "permits.worksobjecttype", "pk": 55, "fields": {"works_type": 7, "works_object": 29, "administrative_entities": [1]}}, {"model": "permits.worksobjecttype", "pk": 56, "fields": {"works_type": 9, "works_object": 29, "administrative_entities": [1]}}, {"model": "permits.worksobjecttype", "pk": 57, "fields": {"works_type": 11, "works_object": 30, "administrative_entities": [1]}}, {"model": "permits.worksobjecttype", "pk": 58, "fields": {"works_type": 2, "works_object": 31, "administrative_entities": [1]}}, {"model": "permits.worksobjecttype", "pk": 59, "fields": {"works_type": 7, "works_object": 31, "administrative_entities": [1]}}, {"model": "permits.worksobjecttype", "pk": 60, "fields": {"works_type": 2, "works_object": 32, "administrative_entities": [1]}}, {"model": "permits.worksobjecttype", "pk": 61, "fields": {"works_type": 7, "works_object": 32, "administrative_entities": [1]}}, {"model": "permits.worksobjecttype", "pk": 62, "fields": {"works_type": 2, "works_object": 33, "administrative_entities": [1]}}, {"model": "permits.worksobjecttype", "pk": 63, "fields": {"works_type": 7, "works_object": 33, "administrative_entities": [1]}}, {"model": "permits.worksobjecttype", "pk": 64, "fields": {"works_type": 9, "works_object": 33, "administrative_entities": [1]}}, {"model": "permits.worksobjecttype", "pk": 65, "fields": {"works_type": 2, "works_object": 34, "administrative_entities": [1]}}, {"model": "permits.worksobjecttype", "pk": 66, "fields": {"works_type": 7, "works_object": 34, "administrative_entities": [1]}}, {"model": "permits.worksobjecttype", "pk": 67, "fields": {"works_type": 9, "works_object": 34, "administrative_entities": [1]}}, {"model": "permits.worksobjecttype", "pk": 68, "fields": {"works_type": 2, "works_object": 35, "administrative_entities": [1]}}, {"model": "permits.worksobjecttype", "pk": 69, "fields": {"works_type": 7, "works_object": 35, "administrative_entities": [1]}}, {"model": "permits.worksobjecttype", "pk": 70, "fields": {"works_type": 9, "works_object": 35, "administrative_entities": [1]}}, {"model": "permits.worksobjecttype", "pk": 71, "fields": {"works_type": 2, "works_object": 36, "administrative_entities": [1]}}, {"model": "permits.worksobjecttype", "pk": 72, "fields": {"works_type": 7, "works_object": 36, "administrative_entities": [1]}}, {"model": "permits.worksobjecttype", "pk": 73, "fields": {"works_type": 9, "works_object": 36, "administrative_entities": [1]}}, {"model": "permits.worksobjecttype", "pk": 74, "fields": {"works_type": 2, "works_object": 37, "administrative_entities": [1]}}, {"model": "permits.worksobjecttype", "pk": 75, "fields": {"works_type": 7, "works_object": 37, "administrative_entities": [1]}}, {"model": "permits.worksobjecttype", "pk": 76, "fields": {"works_type": 9, "works_object": 37, "administrative_entities": [1]}}, {"model": "permits.worksobjecttype", "pk": 77, "fields": {"works_type": 2, "works_object": 38, "administrative_entities": [1]}}, {"model": "permits.worksobjecttype", "pk": 78, "fields": {"works_type": 7, "works_object": 38, "administrative_entities": [1]}}, {"model": "permits.worksobjecttype", "pk": 79, "fields": {"works_type": 9, "works_object": 38, "administrative_entities": [1]}}, {"model": "permits.worksobjecttype", "pk": 80, "fields": {"works_type": 2, "works_object": 39, "administrative_entities": [1]}}, {"model": "permits.worksobjecttype", "pk": 81, "fields": {"works_type": 7, "works_object": 39, "administrative_entities": [1]}}, {"model": "permits.worksobjecttype", "pk": 82, "fields": {"works_type": 9, "works_object": 39, "administrative_entities": [1]}}, {"model": "permits.worksobjecttype", "pk": 83, "fields": {"works_type": 8, "works_object": 40, "administrative_entities": [1]}}, {"model": "permits.worksobject", "pk": 5, "fields": {"name": "Fouille"}}, {"model": "permits.worksobject", "pk": 6, "fields": {"name": "D\u00e9p\u00f4t"}}, {"model": "permits.worksobject", "pk": 7, "fields": {"name": "R\u00e9fection de chauss\u00e9e"}}, {"model": "permits.worksobject", "pk": 8, "fields": {"name": "Construction provisoire jusqu'\u00e0 3 mois"}}, {"model": "permits.worksobject", "pk": 9, "fields": {"name": "Teintes de fa\u00e7ades, de volets ou de stores"}}, {"model": "permits.worksobject", "pk": 10, "fields": {"name": "R\u00e9novations int\u00e9rieures"}}, {"model": "permits.worksobject", "pk": 11, "fields": {"name": "Rafra\u00eechissements int\u00e9rieurs"}}, {"model": "permits.worksobject", "pk": 12, "fields": {"name": "Redistribution int\u00e9rieure sans changement d'affectation"}}, {"model": "permits.worksobject", "pk": 13, "fields": {"name": "Stores bannes en fa\u00e7ade ou au-dessus d'une vitrine d'un commerce ou d'un \u00e9tablissement public"}}, {"model": "permits.worksobject", "pk": 14, "fields": {"name": "Isolation p\u00e9riph\u00e9rique"}}, {"model": "permits.worksobject", "pk": 15, "fields": {"name": "Proc\u00e9d\u00e9s de r\u00e9clames (tous types d'enseignes)"}}, {"model": "permits.worksobject", "pk": 16, "fields": {"name": "Remplacement des fen\u00eatres et volets"}}, {"model": "permits.worksobject", "pk": 17, "fields": {"name": "Places de parc"}}, {"model": "permits.worksobject", "pk": 18, "fields": {"name": "Couverts jusqu'\u00e0 40m\u00b2"}}, {"model": "permits.worksobject", "pk": 19, "fields": {"name": "Pergolas jusqu'\u00e0 40m\u00b2"}}, {"model": "permits.worksobject", "pk": 20, "fields": {"name": "V\u00e9randa jusqu'\u00e0 40m\u00b2"}}, {"model": "permits.worksobject", "pk": 21, "fields": {"name": "Jardin d'hiver chauff\u00e9"}}, {"model": "permits.worksobject", "pk": 22, "fields": {"name": "Jardin d'hiver non chauff\u00e9"}}, {"model": "permits.worksobject", "pk": 23, "fields": {"name": "Elargissement d'ouvertures en fa\u00e7ade"}}, {"model": "permits.worksobject", "pk": 24, "fields": {"name": "Barbecues, fours \u00e0 pains ou pizza"}}, {"model": "permits.worksobject", "pk": 25, "fields": {"name": "Cl\u00f4tures, palissades ou murs jusqu'\u00e0 2m de haut"}}, {"model": "permits.worksobject", "pk": 26, "fields": {"name": "Panneaux solaires en toiture, au sol ou en fa\u00e7ade"}}, {"model": "permits.worksobject", "pk": 27, "fields": {"name": "Avant-toits"}}, {"model": "permits.worksobject", "pk": 28, "fields": {"name": "Balcons"}}, {"model": "permits.worksobject", "pk": 29, "fields": {"name": "Rampes d'acc\u00e8s ou terrasses"}}, {"model": "permits.worksobject", "pk": 30, "fields": {"name": "Terrassement jusqu'\u00e0 1m de hauteur ou 20m\u00b3"}}, {"model": "permits.worksobject", "pk": 31, "fields": {"name": "Piscines hors-sol d\u00e9montables"}}, {"model": "permits.worksobject", "pk": 32, "fields": {"name": "Jacuzzis jusqu' 5m\u00b3"}}, {"model": "permits.worksobject", "pk": 33, "fields": {"name": "Pompes \u00e0 chaleur air-eau"}}, {"model": "permits.worksobject", "pk": 34, "fields": {"name": "Pompes \u00e0 chaleur ou sondes g\u00e9othermiques"}}, {"model": "permits.worksobject", "pk": 35, "fields": {"name": "B\u00fbchers"}}, {"model": "permits.worksobject", "pk": 36, "fields": {"name": "Cabanes de jardin"}}, {"model": "permits.worksobject", "pk": 37, "fields": {"name": "Serres jusqu'\u00e0 16m\u00b2"}}, {"model": "permits.worksobject", "pk": 38, "fields": {"name": "Chemin\u00e9es ou conduits de chemin\u00e9e"}}, {"model": "permits.worksobject", "pk": 39, "fields": {"name": "Poulaillers jusqu'\u00e0 2m\u00b2"}}, {"model": "permits.worksobject", "pk": 40, "fields": {"name": "Arbres dont le diam\u00e8tre est \u00e9gal ou sup\u00e9rieur \u00e0 30cm \u00e0 130cm mesur\u00e9 au-dessus du terrain"}}, {"model": "permits.worksobject", "pk": 41, "fields": {"name": "\u00c9v\u00e9nement culturel"}}, {"model": "permits.worksobject", "pk": 42, "fields": {"name": "\u00c9v\u00e9nement sportif"}}, {"model": "permits.worksobject", "pk": 43, "fields": {"name": "\u00c9v\u00e9nement commercial"}}, {"model": "permits.worksobjectproperty", "pk": 5, "fields": {"name": "Dur\u00e9e des travaux indicative", "input_type": "text", "is_mandatory": false, "works_object_types": [8, 9, 10, 14, 15, 16, 17, 18, 19, 20, 21, 22, 23, 24, 25, 26, 27, 28, 29, 30, 31, 32, 33, 34, 35, 36, 37, 38, 39, 40, 41, 42, 43, 44, 45, 46, 47, 48, 49, 50, 51, 52, 53, 54, 55, 56, 57, 58, 59, 60, 61, 62, 63, 64, 65, 66, 67, 68, 69, 70, 71, 72, 73, 74, 75, 76, 77, 78, 79, 80, 81, 82]}}, {"model": "permits.worksobjectproperty", "pk": 6, "fields": {"name": "Longueur [m]", "input_type": "number", "is_mandatory": true, "works_object_types": [8, 9, 10, 19, 20, 25, 27, 28, 29, 30, 31, 32, 33, 34, 35, 36, 37, 38, 39, 43, 44, 45, 46, 47, 48, 49, 50, 51, 52, 53, 54, 55, 56, 57, 58, 59, 60, 61, 68, 69, 70, 71, 72, 73, 74, 75, 76, 80, 81, 82]}}, {"model": "permits.worksobjectproperty", "pk": 7, "fields": {"name": "Hauteur [m]", "input_type": "number", "is_mandatory": true, "works_object_types": [14, 22, 23, 24, 30, 31, 32, 33, 34, 35, 36, 37, 38, 39, 43, 44, 48, 49, 50, 51, 52, 53, 57, 69, 70, 71, 72, 73, 74, 75, 76, 77, 78, 79, 80, 81, 82]}}, {"model": "permits.worksobjectproperty", "pk": 8, "fields": {"name": "Largeur [m]", "input_type": "number", "is_mandatory": true, "works_object_types": [8, 9, 10, 14, 19, 20, 22, 23, 24, 25, 27, 28, 29, 30, 31, 32, 33, 34, 35, 36, 37, 38, 39, 45, 46, 47, 48, 49, 50, 51, 52, 53, 54, 55, 56, 57, 58, 59, 68, 69, 70, 71, 72, 73, 74, 75, 76, 80, 81, 82]}}, {"model": "permits.worksobjectproperty", "pk": 9, "fields": {"name": "Volume [m3]", "input_type": "number", "is_mandatory": true, "works_object_types": [30, 31, 32, 33, 34, 35, 36, 37, 38, 39, 58, 59, 60, 61, 68, 69, 70, 71, 72, 73, 74, 75, 76, 80, 81, 82]}}, {"model": "permits.worksobjectproperty", "pk": 10, "fields": {"name": "Distance aux limites [m]", "input_type": "number", "is_mandatory": true, "works_object_types": [27, 28, 29, 30, 31, 32, 33, 34, 35, 36, 37, 38, 39, 43, 44, 68, 69, 70, 71, 72, 73, 74, 75, 76, 80, 81, 82]}}, {"model": "permits.worksobjectproperty", "pk": 11, "fields": {"name": "Type de toiture", "input_type": "text", "is_mandatory": true, "works_object_types": [30, 31, 32, 33, 34, 35, 36, 37, 38, 39, 48, 49, 50, 68, 69, 70, 71, 72, 73, 74, 75, 76, 80, 81, 82]}}, {"model": "permits.worksobjectproperty", "pk": 12, "fields": {"name": "Type de couverture", "input_type": "text", "is_mandatory": true, "works_object_types": [30, 31, 32, 33, 34, 35, 36, 37, 38, 39, 48, 49, 50, 68, 69, 70, 71, 72, 73, 80, 81, 82]}}, {"model": "permits.worksobjectproperty", "pk": 13, "fields": {"name": "Plan de situation", "input_type": "file", "is_mandatory": true, "works_object_types": [8, 9, 10, 11, 12, 13, 14, 15, 16, 17, 18, 19, 20, 21, 22, 23, 24, 25, 26, 27, 28, 29, 30, 31, 32, 33, 34, 35, 36, 37, 38, 39, 40, 41, 42, 43, 44, 45, 46, 47, 48, 49, 50, 51, 52, 53, 54, 55, 56, 57, 58, 59, 60, 61, 62, 63, 64, 65, 66, 67, 68, 69, 70, 71, 72, 73, 74, 75, 76, 77, 78, 79, 80, 81]}}, {"model": "permits.worksobjectpropertyvalue", "pk": 1, "fields": {"property": 5, "works_object_type_choice": 76, "value": {"val": "2"}}}, {"model": "permits.worksobjectpropertyvalue", "pk": 2, "fields": {"property": 8, "works_object_type_choice": 76, "value": {"val": 2}}}, {"model": "permits.worksobjectpropertyvalue", "pk": 3, "fields": {"property": 6, "works_object_type_choice": 76, "value": {"val": 2}}}, {"model": "permits.worksobjectpropertyvalue", "pk": 4, "fields": {"property": 5, "works_object_type_choice": 77, "value": {"val": "2"}}}, {"model": "permits.worksobjectpropertyvalue", "pk": 5, "fields": {"property": 7, "works_object_type_choice": 77, "value": {"val": 2}}}, {"model": "permits.worksobjectpropertyvalue", "pk": 6, "fields": {"property": 8, "works_object_type_choice": 77, "value": {"val": 2}}}, {"model": "permits.worksobjectpropertyvalue", "pk": 7, "fields": {"property": 6, "works_object_type_choice": 77, "value": {"val": 2}}}, {"model": "auth.permission", "pk": 1, "fields": {"name": "Can add log entry", "content_type": 1, "codename": "add_logentry"}}, {"model": "auth.permission", "pk": 2, "fields": {"name": "Can change log entry", "content_type": 1, "codename": "change_logentry"}}, {"model": "auth.permission", "pk": 3, "fields": {"name": "Can delete log entry", "content_type": 1, "codename": "delete_logentry"}}, {"model": "auth.permission", "pk": 4, "fields": {"name": "Can view log entry", "content_type": 1, "codename": "view_logentry"}}, {"model": "auth.permission", "pk": 5, "fields": {"name": "Can add permission", "content_type": 2, "codename": "add_permission"}}, {"model": "auth.permission", "pk": 6, "fields": {"name": "Can change permission", "content_type": 2, "codename": "change_permission"}}, {"model": "auth.permission", "pk": 7, "fields": {"name": "Can delete permission", "content_type": 2, "codename": "delete_permission"}}, {"model": "auth.permission", "pk": 8, "fields": {"name": "Can view permission", "content_type": 2, "codename": "view_permission"}}, {"model": "auth.permission", "pk": 9, "fields": {"name": "Can add group", "content_type": 3, "codename": "add_group"}}, {"model": "auth.permission", "pk": 10, "fields": {"name": "Can change group", "content_type": 3, "codename": "change_group"}}, {"model": "auth.permission", "pk": 11, "fields": {"name": "Can delete group", "content_type": 3, "codename": "delete_group"}}, {"model": "auth.permission", "pk": 12, "fields": {"name": "Can view group", "content_type": 3, "codename": "view_group"}}, {"model": "auth.permission", "pk": 13, "fields": {"name": "Can add user", "content_type": 4, "codename": "add_user"}}, {"model": "auth.permission", "pk": 14, "fields": {"name": "Can change user", "content_type": 4, "codename": "change_user"}}, {"model": "auth.permission", "pk": 15, "fields": {"name": "Can delete user", "content_type": 4, "codename": "delete_user"}}, {"model": "auth.permission", "pk": 16, "fields": {"name": "Can view user", "content_type": 4, "codename": "view_user"}}, {"model": "auth.permission", "pk": 17, "fields": {"name": "Can add content type", "content_type": 5, "codename": "add_contenttype"}}, {"model": "auth.permission", "pk": 18, "fields": {"name": "Can change content type", "content_type": 5, "codename": "change_contenttype"}}, {"model": "auth.permission", "pk": 19, "fields": {"name": "Can delete content type", "content_type": 5, "codename": "delete_contenttype"}}, {"model": "auth.permission", "pk": 20, "fields": {"name": "Can view content type", "content_type": 5, "codename": "view_contenttype"}}, {"model": "auth.permission", "pk": 21, "fields": {"name": "Can add session", "content_type": 6, "codename": "add_session"}}, {"model": "auth.permission", "pk": 22, "fields": {"name": "Can change session", "content_type": 6, "codename": "change_session"}}, {"model": "auth.permission", "pk": 23, "fields": {"name": "Can delete session", "content_type": 6, "codename": "delete_session"}}, {"model": "auth.permission", "pk": 24, "fields": {"name": "Can view session", "content_type": 6, "codename": "view_session"}}, {"model": "auth.permission", "pk": 25, "fields": {"name": "Can add actor", "content_type": 7, "codename": "add_actor"}}, {"model": "auth.permission", "pk": 26, "fields": {"name": "Can change actor", "content_type": 7, "codename": "change_actor"}}, {"model": "auth.permission", "pk": 27, "fields": {"name": "Can delete actor", "content_type": 7, "codename": "delete_actor"}}, {"model": "auth.permission", "pk": 28, "fields": {"name": "Can view actor", "content_type": 7, "codename": "view_actor"}}, {"model": "auth.permission", "pk": 29, "fields": {"name": "Can add archelogy", "content_type": 8, "codename": "add_archelogy"}}, {"model": "auth.permission", "pk": 30, "fields": {"name": "Can change archelogy", "content_type": 8, "codename": "change_archelogy"}}, {"model": "auth.permission", "pk": 31, "fields": {"name": "Can delete archelogy", "content_type": 8, "codename": "delete_archelogy"}}, {"model": "auth.permission", "pk": 32, "fields": {"name": "Can view archelogy", "content_type": 8, "codename": "view_archelogy"}}, {"model": "auth.permission", "pk": 33, "fields": {"name": "Can add creditortype", "content_type": 9, "codename": "add_creditortype"}}, {"model": "auth.permission", "pk": 34, "fields": {"name": "Can change creditortype", "content_type": 9, "codename": "change_creditortype"}}, {"model": "auth.permission", "pk": 35, "fields": {"name": "Can delete creditortype", "content_type": 9, "codename": "delete_creditortype"}}, {"model": "auth.permission", "pk": 36, "fields": {"name": "Can view creditortype", "content_type": 9, "codename": "view_creditortype"}}, {"model": "auth.permission", "pk": 37, "fields": {"name": "Can add department", "content_type": 10, "codename": "add_department"}}, {"model": "auth.permission", "pk": 38, "fields": {"name": "Can change department", "content_type": 10, "codename": "change_department"}}, {"model": "auth.permission", "pk": 39, "fields": {"name": "Can delete department", "content_type": 10, "codename": "delete_department"}}, {"model": "auth.permission", "pk": 40, "fields": {"name": "Can view department", "content_type": 10, "codename": "view_department"}}, {"model": "auth.permission", "pk": 41, "fields": {"name": "Can add document", "content_type": 11, "codename": "add_document"}}, {"model": "auth.permission", "pk": 42, "fields": {"name": "Can change document", "content_type": 11, "codename": "change_document"}}, {"model": "auth.permission", "pk": 43, "fields": {"name": "Can delete document", "content_type": 11, "codename": "delete_document"}}, {"model": "auth.permission", "pk": 44, "fields": {"name": "Can view document", "content_type": 11, "codename": "view_document"}}, {"model": "auth.permission", "pk": 45, "fields": {"name": "Can add permitrequest", "content_type": 12, "codename": "add_permitrequest"}}, {"model": "auth.permission", "pk": 46, "fields": {"name": "Can change permitrequest", "content_type": 12, "codename": "change_permitrequest"}}, {"model": "auth.permission", "pk": 47, "fields": {"name": "Can delete permitrequest", "content_type": 12, "codename": "delete_permitrequest"}}, {"model": "auth.permission", "pk": 48, "fields": {"name": "Can view permitrequest", "content_type": 12, "codename": "view_permitrequest"}}, {"model": "auth.permission", "pk": 49, "fields": {"name": "Can change amount", "content_type": 12, "codename": "change_amount"}}, {"model": "auth.permission", "pk": 50, "fields": {"name": "Can change paid", "content_type": 12, "codename": "change_paid"}}, {"model": "auth.permission", "pk": 51, "fields": {"name": "Can change geom", "content_type": 12, "codename": "change_geom"}}, {"model": "auth.permission", "pk": 52, "fields": {"name": "Can change validated", "content_type": 12, "codename": "change_validated"}}, {"model": "auth.permission", "pk": 53, "fields": {"name": "Can change sent", "content_type": 12, "codename": "change_sent"}}, {"model": "auth.permission", "pk": 54, "fields": {"name": "Can change ended", "content_type": 12, "codename": "change_ended"}}, {"model": "auth.permission", "pk": 55, "fields": {"name": "Can change date_effective_end", "content_type": 12, "codename": "change_date_effective_end"}}, {"model": "auth.permission", "pk": 56, "fields": {"name": "Can change archeotype", "content_type": 12, "codename": "change_archeotype"}}, {"model": "auth.permission", "pk": 57, "fields": {"name": "Can change date_start", "content_type": 12, "codename": "date_start"}}, {"model": "auth.permission", "pk": 58, "fields": {"name": "Can add sitetype", "content_type": 13, "codename": "add_sitetype"}}, {"model": "auth.permission", "pk": 59, "fields": {"name": "Can change sitetype", "content_type": 13, "codename": "change_sitetype"}}, {"model": "auth.permission", "pk": 60, "fields": {"name": "Can delete sitetype", "content_type": 13, "codename": "delete_sitetype"}}, {"model": "auth.permission", "pk": 61, "fields": {"name": "Can view sitetype", "content_type": 13, "codename": "view_sitetype"}}, {"model": "auth.permission", "pk": 62, "fields": {"name": "Can add validation", "content_type": 14, "codename": "add_validation"}}, {"model": "auth.permission", "pk": 63, "fields": {"name": "Can change validation", "content_type": 14, "codename": "change_validation"}}, {"model": "auth.permission", "pk": 64, "fields": {"name": "Can delete validation", "content_type": 14, "codename": "delete_validation"}}, {"model": "auth.permission", "pk": 65, "fields": {"name": "Can view validation", "content_type": 14, "codename": "view_validation"}}, {"model": "auth.permission", "pk": 66, "fields": {"name": "Can add mail", "content_type": 15, "codename": "add_mail"}}, {"model": "auth.permission", "pk": 67, "fields": {"name": "Can change mail", "content_type": 15, "codename": "change_mail"}}, {"model": "auth.permission", "pk": 68, "fields": {"name": "Can delete mail", "content_type": 15, "codename": "delete_mail"}}, {"model": "auth.permission", "pk": 69, "fields": {"name": "Can view mail", "content_type": 15, "codename": "view_mail"}}, {"model": "auth.permission", "pk": 70, "fields": {"name": "Can add archeotype", "content_type": 16, "codename": "add_archeotype"}}, {"model": "auth.permission", "pk": 71, "fields": {"name": "Can change archeotype", "content_type": 16, "codename": "change_archeotype"}}, {"model": "auth.permission", "pk": 72, "fields": {"name": "Can delete archeotype", "content_type": 16, "codename": "delete_archeotype"}}, {"model": "auth.permission", "pk": 73, "fields": {"name": "Can view archeotype", "content_type": 16, "codename": "view_archeotype"}}, {"model": "auth.permission", "pk": 74, "fields": {"name": "Can add administrative_entity", "content_type": 17, "codename": "add_administrativeentity"}}, {"model": "auth.permission", "pk": 75, "fields": {"name": "Can change administrative_entity", "content_type": 17, "codename": "change_administrativeentity"}}, {"model": "auth.permission", "pk": 76, "fields": {"name": "Can delete administrative_entity", "content_type": 17, "codename": "delete_administrativeentity"}}, {"model": "auth.permission", "pk": 77, "fields": {"name": "Can view administrative_entity", "content_type": 17, "codename": "view_administrativeentity"}}, {"model": "auth.permission", "pk": 78, "fields": {"name": "Can add validation_comment_sample", "content_type": 18, "codename": "add_validationcommentsample"}}, {"model": "auth.permission", "pk": 79, "fields": {"name": "Can change validation_comment_sample", "content_type": 18, "codename": "change_validationcommentsample"}}, {"model": "auth.permission", "pk": 80, "fields": {"name": "Can delete validation_comment_sample", "content_type": 18, "codename": "delete_validationcommentsample"}}, {"model": "auth.permission", "pk": 81, "fields": {"name": "Can view validation_comment_sample", "content_type": 18, "codename": "view_validationcommentsample"}}, {"model": "auth.permission", "pk": 82, "fields": {"name": "Can add demande de permis", "content_type": 19, "codename": "add_permitrequest"}}, {"model": "auth.permission", "pk": 83, "fields": {"name": "Can change demande de permis", "content_type": 19, "codename": "change_permitrequest"}}, {"model": "auth.permission", "pk": 84, "fields": {"name": "Can delete demande de permis", "content_type": 19, "codename": "delete_permitrequest"}}, {"model": "auth.permission", "pk": 85, "fields": {"name": "Can view demande de permis", "content_type": 19, "codename": "view_permitrequest"}}, {"model": "auth.permission", "pk": 86, "fields": {"name": "Can add objet des travaux", "content_type": 20, "codename": "add_worksobject"}}, {"model": "auth.permission", "pk": 87, "fields": {"name": "Can change objet des travaux", "content_type": 20, "codename": "change_worksobject"}}, {"model": "auth.permission", "pk": 88, "fields": {"name": "Can delete objet des travaux", "content_type": 20, "codename": "delete_worksobject"}}, {"model": "auth.permission", "pk": 89, "fields": {"name": "Can view objet des travaux", "content_type": 20, "codename": "view_worksobject"}}, {"model": "auth.permission", "pk": 90, "fields": {"name": "Can add objet pour types de travaux", "content_type": 21, "codename": "add_worksobjecttype"}}, {"model": "auth.permission", "pk": 91, "fields": {"name": "Can change objet pour types de travaux", "content_type": 21, "codename": "change_worksobjecttype"}}, {"model": "auth.permission", "pk": 92, "fields": {"name": "Can delete objet pour types de travaux", "content_type": 21, "codename": "delete_worksobjecttype"}}, {"model": "auth.permission", "pk": 93, "fields": {"name": "Can view objet pour types de travaux", "content_type": 21, "codename": "view_worksobjecttype"}}, {"model": "auth.permission", "pk": 94, "fields": {"name": "Can add type de travaux", "content_type": 22, "codename": "add_workstype"}}, {"model": "auth.permission", "pk": 95, "fields": {"name": "Can change type de travaux", "content_type": 22, "codename": "change_workstype"}}, {"model": "auth.permission", "pk": 96, "fields": {"name": "Can delete type de travaux", "content_type": 22, "codename": "delete_workstype"}}, {"model": "auth.permission", "pk": 97, "fields": {"name": "Can view type de travaux", "content_type": 22, "codename": "view_workstype"}}, {"model": "auth.permission", "pk": 98, "fields": {"name": "Can add works object type choice", "content_type": 23, "codename": "add_worksobjecttypechoice"}}, {"model": "auth.permission", "pk": 99, "fields": {"name": "Can change works object type choice", "content_type": 23, "codename": "change_worksobjecttypechoice"}}, {"model": "auth.permission", "pk": 100, "fields": {"name": "Can delete works object type choice", "content_type": 23, "codename": "delete_worksobjecttypechoice"}}, {"model": "auth.permission", "pk": 101, "fields": {"name": "Can view works object type choice", "content_type": 23, "codename": "view_worksobjecttypechoice"}}, {"model": "auth.permission", "pk": 102, "fields": {"name": "Can add caract\u00e9ristique", "content_type": 24, "codename": "add_worksobjectproperty"}}, {"model": "auth.permission", "pk": 103, "fields": {"name": "Can change caract\u00e9ristique", "content_type": 24, "codename": "change_worksobjectproperty"}}, {"model": "auth.permission", "pk": 104, "fields": {"name": "Can delete caract\u00e9ristique", "content_type": 24, "codename": "delete_worksobjectproperty"}}, {"model": "auth.permission", "pk": 105, "fields": {"name": "Can view caract\u00e9ristique", "content_type": 24, "codename": "view_worksobjectproperty"}}, {"model": "auth.permission", "pk": 106, "fields": {"name": "Can add works object property value", "content_type": 25, "codename": "add_worksobjectpropertyvalue"}}, {"model": "auth.permission", "pk": 107, "fields": {"name": "Can change works object property value", "content_type": 25, "codename": "change_worksobjectpropertyvalue"}}, {"model": "auth.permission", "pk": 108, "fields": {"name": "Can delete works object property value", "content_type": 25, "codename": "delete_worksobjectpropertyvalue"}}, {"model": "auth.permission", "pk": 109, "fields": {"name": "Can view works object property value", "content_type": 25, "codename": "view_worksobjectpropertyvalue"}}, {"model": "auth.permission", "pk": 110, "fields": {"name": "Can add permit request actor", "content_type": 26, "codename": "add_permitrequestactor"}}, {"model": "auth.permission", "pk": 111, "fields": {"name": "Can change permit request actor", "content_type": 26, "codename": "change_permitrequestactor"}}, {"model": "auth.permission", "pk": 112, "fields": {"name": "Can delete permit request actor", "content_type": 26, "codename": "delete_permitrequestactor"}}, {"model": "auth.permission", "pk": 113, "fields": {"name": "Can view permit request actor", "content_type": 26, "codename": "view_permitrequestactor"}}, {"model": "auth.permission", "pk": 114, "fields": {"name": "Can add contact \u00e0 saisir", "content_type": 27, "codename": "add_permitactortype"}}, {"model": "auth.permission", "pk": 115, "fields": {"name": "Can change contact \u00e0 saisir", "content_type": 27, "codename": "change_permitactortype"}}, {"model": "auth.permission", "pk": 116, "fields": {"name": "Can delete contact \u00e0 saisir", "content_type": 27, "codename": "delete_permitactortype"}}, {"model": "auth.permission", "pk": 117, "fields": {"name": "Can view contact \u00e0 saisir", "content_type": 27, "codename": "view_permitactortype"}}, {"model": "auth.permission", "pk": 118, "fields": {"name": "Can add permitactor", "content_type": 28, "codename": "add_permitactor"}}, {"model": "auth.permission", "pk": 119, "fields": {"name": "Can change permitactor", "content_type": 28, "codename": "change_permitactor"}}, {"model": "auth.permission", "pk": 120, "fields": {"name": "Can delete permitactor", "content_type": 28, "codename": "delete_permitactor"}}, {"model": "auth.permission", "pk": 121, "fields": {"name": "Can view permitactor", "content_type": 28, "codename": "view_permitactor"}}, {"model": "auth.group", "pk": 1, "fields": {"name": "backoffice", "permissions": [28, 77, 32, 73, 36, 40, 44, 69, 49, 56, 55, 54, 50, 53, 52, 48, 61, 65, 81]}}, {"model": "auth.group", "pk": 2, "fields": {"name": "validator-1", "permissions": [28, 77, 32, 73, 36, 40, 44, 69, 48, 61, 63, 65, 81]}}, {"model": "auth.user", "pk": 1, "fields": {"password": "pbkdf2_sha256$150000$zEy0kG9FMEG9$93Kw1mpyUKw0zyWL+KZdT9RovrveX9Ua7Mx5GM/KyUA=", "last_login": "2020-03-30T19:07:40.722Z", "is_superuser": true, "username": "admin", "first_name": "", "last_name": "", "email": "admin@exampletoto.com", "is_staff": true, "is_active": true, "date_joined": "2019-12-19T08:19:38.011Z", "groups": [], "user_permissions": []}}, {"model": "auth.user", "pk": 2, "fields": {"password": "pbkdf2_sha256$150000$edJmxrcnv7dt$ULN9BWdYmveBHsuahOi/o7EE2CiLhoWbejBYELo5Q/8=", "last_login": null, "is_superuser": false, "username": "demo-validator", "first_name": "Demo", "last_name": "Validator", "email": "demomail@demodemo.demo", "is_staff": false, "is_active": true, "date_joined": "2019-12-19T12:38:03Z", "groups": [2], "user_permissions": []}}, {"model": "auth.user", "pk": 3, "fields": {"password": "pbkdf2_sha256$150000$TMLYTJP0sw18$G3WId0CpOwVBZ/kyQ6OB0FgwolDaa658yhiJXGsuNHw=", "last_login": null, "is_superuser": false, "username": "demo-backoffice", "first_name": "Demo", "last_name": "Backoffice", "email": "demomail@demodemo.demo", "is_staff": false, "is_active": true, "date_joined": "2019-12-19T12:39:23Z", "groups": [1], "user_permissions": []}}, {"model": "gpf.actor", "pk": 1, "fields": {"name": "demo name", "firstname": "demo surname", "company_name": "enterprise name", "vat_number": null, "address": "Demo adresse 1", "zipcode": 1400, "city": "Demo city", "phone_fixed": "000 000 00 00", "phone_mobile": null, "email": "demomail@demodemo.demo", "user": null}}, {"model": "gpf.actor", "pk": 2, "fields": {"name": "demo name", "firstname": "demo surname", "company_name": "enterprise name", "vat_number": "CHE-123.123.123", "address": "Demo Adress 2", "zipcode": 1400, "city": "Demo city", "phone_fixed": "0000000000", "phone_mobile": null, "email": "demomail@demodemo.demo", "user": 1}}, {"model": "gpf.department", "pk": 1, "fields": {"group": 1, "description": "Backoffice", "is_validator": false, "is_admin": false, "is_archeologist": false, "administrative_entity": 1}}, {"model": "gpf.department", "pk": 2, "fields": {"group": 2, "description": "validator demo 1", "is_validator": true, "is_admin": false, "is_archeologist": false, "administrative_entity": 1}}, {"model": "admin.logentry", "pk": 1, "fields": {"action_time": "2019-12-19T08:21:24.894Z", "user": 1, "content_type": 16, "object_id": "1", "object_repr": "Inconnue", "action_flag": 1, "change_message": "[{\"added\": {}}]"}}, {"model": "admin.logentry", "pk": 2, "fields": {"action_time": "2019-12-19T08:21:32.058Z", "user": 1, "content_type": 16, "object_id": "2", "object_repr": "D\u00e9j\u00e0 fouill\u00e9", "action_flag": 1, "change_message": "[{\"added\": {}}]"}}, {"model": "admin.logentry", "pk": 3, "fields": {"action_time": "2019-12-19T08:21:39.165Z", "user": 1, "content_type": 16, "object_id": "3", "object_repr": "Partiellement fouill\u00e9", "action_flag": 1, "change_message": "[{\"added\": {}}]"}}, {"model": "admin.logentry", "pk": 4, "fields": {"action_time": "2019-12-19T08:21:43.911Z", "user": 1, "content_type": 16, "object_id": "4", "object_repr": "Pas fouill\u00e9", "action_flag": 1, "change_message": "[{\"added\": {}}]"}}, {"model": "admin.logentry", "pk": 5, "fields": {"action_time": "2019-12-19T08:21:55.261Z", "user": 1, "content_type": 13, "object_id": "1", "object_repr": "Trottoire", "action_flag": 1, "change_message": "[{\"added\": {}}]"}}, {"model": "admin.logentry", "pk": 6, "fields": {"action_time": "2019-12-19T08:22:03.395Z", "user": 1, "content_type": 13, "object_id": "2", "object_repr": "Chauss\u00e9e", "action_flag": 1, "change_message": "[{\"added\": {}}]"}}, {"model": "admin.logentry", "pk": 7, "fields": {"action_time": "2019-12-19T08:22:08.601Z", "user": 1, "content_type": 13, "object_id": "1", "object_repr": "Trottoir", "action_flag": 2, "change_message": "[{\"changed\": {\"fields\": [\"description\"]}}]"}}, {"model": "admin.logentry", "pk": 8, "fields": {"action_time": "2019-12-19T08:23:31.510Z", "user": 1, "content_type": 3, "object_id": "1", "object_repr": "backoffice", "action_flag": 1, "change_message": "[{\"added\": {}}]"}}, {"model": "admin.logentry", "pk": 9, "fields": {"action_time": "2019-12-19T08:24:00.786Z", "user": 1, "content_type": 3, "object_id": "2", "object_repr": "validator-1", "action_flag": 1, "change_message": "[{\"added\": {}}]"}}, {"model": "admin.logentry", "pk": 10, "fields": {"action_time": "2019-12-19T08:24:30.594Z", "user": 1, "content_type": 10, "object_id": "1", "object_repr": "backoffice", "action_flag": 1, "change_message": "[{\"added\": {}}]"}}, {"model": "admin.logentry", "pk": 11, "fields": {"action_time": "2019-12-19T08:24:43.960Z", "user": 1, "content_type": 10, "object_id": "2", "object_repr": "validator-1", "action_flag": 1, "change_message": "[{\"added\": {}}]"}}, {"model": "admin.logentry", "pk": 12, "fields": {"action_time": "2019-12-19T08:25:46.153Z", "user": 1, "content_type": 9, "object_id": "1", "object_repr": "Entreprise", "action_flag": 1, "change_message": "[{\"added\": {}}]"}}, {"model": "admin.logentry", "pk": 13, "fields": {"action_time": "2019-12-19T08:25:57.061Z", "user": 1, "content_type": 9, "object_id": "2", "object_repr": "Ma\u00eetre d'ouvrage", "action_flag": 1, "change_message": "[{\"added\": {}}]"}}, {"model": "admin.logentry", "pk": 14, "fields": {"action_time": "2019-12-19T10:50:16.393Z", "user": 1, "content_type": 7, "object_id": "47", "object_repr": "Bonjour", "action_flag": 3, "change_message": ""}}, {"model": "admin.logentry", "pk": 15, "fields": {"action_time": "2019-12-19T10:50:16.396Z", "user": 1, "content_type": 7, "object_id": "46", "object_repr": "Bonjour", "action_flag": 3, "change_message": ""}}, {"model": "admin.logentry", "pk": 16, "fields": {"action_time": "2019-12-19T10:50:16.398Z", "user": 1, "content_type": 7, "object_id": "45", "object_repr": "Bonjour", "action_flag": 3, "change_message": ""}}, {"model": "admin.logentry", "pk": 17, "fields": {"action_time": "2019-12-19T10:50:16.400Z", "user": 1, "content_type": 7, "object_id": "44", "object_repr": "Bonjour", "action_flag": 3, "change_message": ""}}, {"model": "admin.logentry", "pk": 18, "fields": {"action_time": "2019-12-19T10:50:16.402Z", "user": 1, "content_type": 7, "object_id": "43", "object_repr": "Bonjour", "action_flag": 3, "change_message": ""}}, {"model": "admin.logentry", "pk": 19, "fields": {"action_time": "2019-12-19T10:50:16.404Z", "user": 1, "content_type": 7, "object_id": "42", "object_repr": "test", "action_flag": 3, "change_message": ""}}, {"model": "admin.logentry", "pk": 20, "fields": {"action_time": "2019-12-19T10:50:16.406Z", "user": 1, "content_type": 7, "object_id": "41", "object_repr": "test", "action_flag": 3, "change_message": ""}}, {"model": "admin.logentry", "pk": 21, "fields": {"action_time": "2019-12-19T10:50:16.407Z", "user": 1, "content_type": 7, "object_id": "8", "object_repr": "test", "action_flag": 3, "change_message": ""}}, {"model": "admin.logentry", "pk": 22, "fields": {"action_time": "2019-12-19T10:50:16.410Z", "user": 1, "content_type": 7, "object_id": "7", "object_repr": "test", "action_flag": 3, "change_message": ""}}, {"model": "admin.logentry", "pk": 23, "fields": {"action_time": "2019-12-19T10:50:16.412Z", "user": 1, "content_type": 7, "object_id": "6", "object_repr": "test", "action_flag": 3, "change_message": ""}}, {"model": "admin.logentry", "pk": 24, "fields": {"action_time": "2019-12-19T10:50:16.417Z", "user": 1, "content_type": 7, "object_id": "5", "object_repr": "TEST", "action_flag": 3, "change_message": ""}}, {"model": "admin.logentry", "pk": 25, "fields": {"action_time": "2019-12-19T10:50:16.420Z", "user": 1, "content_type": 7, "object_id": "4", "object_repr": "test", "action_flag": 3, "change_message": ""}}, {"model": "admin.logentry", "pk": 26, "fields": {"action_time": "2019-12-19T10:50:16.421Z", "user": 1, "content_type": 7, "object_id": "3", "object_repr": "test", "action_flag": 3, "change_message": ""}}, {"model": "admin.logentry", "pk": 27, "fields": {"action_time": "2019-12-19T10:50:16.423Z", "user": 1, "content_type": 7, "object_id": "2", "object_repr": "test", "action_flag": 3, "change_message": ""}}, {"model": "admin.logentry", "pk": 28, "fields": {"action_time": "2019-12-19T10:50:16.426Z", "user": 1, "content_type": 7, "object_id": "1", "object_repr": "test", "action_flag": 3, "change_message": ""}}, {"model": "admin.logentry", "pk": 29, "fields": {"action_time": "2019-12-19T12:33:04.002Z", "user": 1, "content_type": 15, "object_id": "1", "object_repr": "Demo Administrative Entity permit_send", "action_flag": 1, "change_message": "[{\"added\": {}}]"}}, {"model": "admin.logentry", "pk": 30, "fields": {"action_time": "2019-12-19T12:33:36.317Z", "user": 1, "content_type": 15, "object_id": "2", "object_repr": "Demo Administrative Entity single_validation_remainder", "action_flag": 1, "change_message": "[{\"added\": {}}]"}}, {"model": "admin.logentry", "pk": 31, "fields": {"action_time": "2019-12-19T12:34:25.177Z", "user": 1, "content_type": 15, "object_id": "3", "object_repr": "Demo Administrative Entity daily_validation_remainder", "action_flag": 1, "change_message": "[{\"added\": {}}]"}}, {"model": "admin.logentry", "pk": 32, "fields": {"action_time": "2019-12-19T12:35:12.248Z", "user": 1, "content_type": 15, "object_id": "4", "object_repr": "Demo Administrative Entity end_work_announcement", "action_flag": 1, "change_message": "[{\"added\": {}}]"}}, {"model": "admin.logentry", "pk": 33, "fields": {"action_time": "2019-12-19T12:35:52.472Z", "user": 1, "content_type": 15, "object_id": "5", "object_repr": "Demo Administrative Entity new_permit", "action_flag": 1, "change_message": "[{\"added\": {}}]"}}, {"model": "admin.logentry", "pk": 34, "fields": {"action_time": "2019-12-19T12:36:45.058Z", "user": 1, "content_type": 15, "object_id": "6", "object_repr": "Demo Administrative Entity permit_confirmation", "action_flag": 1, "change_message": "[{\"added\": {}}]"}}, {"model": "admin.logentry", "pk": 35, "fields": {"action_time": "2019-12-19T12:38:03.467Z", "user": 1, "content_type": 4, "object_id": "2", "object_repr": "demo-validator", "action_flag": 1, "change_message": "[{\"added\": {}}]"}}, {"model": "admin.logentry", "pk": 36, "fields": {"action_time": "2019-12-19T12:38:43.023Z", "user": 1, "content_type": 4, "object_id": "2", "object_repr": "demo-validator", "action_flag": 2, "change_message": "[{\"changed\": {\"fields\": [\"first_name\", \"last_name\", \"email\", \"groups\"]}}]"}}, {"model": "admin.logentry", "pk": 37, "fields": {"action_time": "2019-12-19T12:39:23.453Z", "user": 1, "content_type": 4, "object_id": "3", "object_repr": "demo-backoffice", "action_flag": 1, "change_message": "[{\"added\": {}}]"}}, {"model": "admin.logentry", "pk": 38, "fields": {"action_time": "2019-12-19T12:39:39.559Z", "user": 1, "content_type": 4, "object_id": "3", "object_repr": "demo-backoffice", "action_flag": 2, "change_message": "[{\"changed\": {\"fields\": [\"first_name\", \"last_name\", \"email\", \"groups\"]}}]"}}, {"model": "admin.logentry", "pk": 39, "fields": {"action_time": "2019-12-19T12:42:03.356Z", "user": 1, "content_type": 4, "object_id": "1", "object_repr": "admin", "action_flag": 2, "change_message": "[{\"changed\": {\"fields\": [\"password\"]}}]"}}, {"model": "admin.logentry", "pk": 40, "fields": {"action_time": "2019-12-19T12:51:05.454Z", "user": 1, "content_type": 3, "object_id": "2", "object_repr": "validator-1", "action_flag": 2, "change_message": "[{\"changed\": {\"fields\": [\"permissions\"]}}]"}}, {"model": "admin.logentry", "pk": 41, "fields": {"action_time": "2020-01-16T08:26:33.017Z", "user": 1, "content_type": 20, "object_id": "1", "object_repr": "Chemin\u00e9e", "action_flag": 1, "change_message": "[{\"added\": {}}]"}}, {"model": "admin.logentry", "pk": 42, "fields": {"action_time": "2020-01-16T08:26:36.663Z", "user": 1, "content_type": 20, "object_id": "2", "object_repr": "B\u00fbcher", "action_flag": 1, "change_message": "[{\"added\": {}}]"}}, {"model": "admin.logentry", "pk": 43, "fields": {"action_time": "2020-01-16T08:26:44.785Z", "user": 1, "content_type": 20, "object_id": "3", "object_repr": "Couverture de terrasse", "action_flag": 1, "change_message": "[{\"added\": {}}]"}}, {"model": "admin.logentry", "pk": 44, "fields": {"action_time": "2020-01-16T08:26:48.558Z", "user": 1, "content_type": 20, "object_id": "4", "object_repr": "Piscine", "action_flag": 1, "change_message": "[{\"added\": {}}]"}}, {"model": "admin.logentry", "pk": 45, "fields": {"action_time": "2020-01-16T08:27:00.283Z", "user": 1, "content_type": 22, "object_id": "1", "object_repr": "Transformation, agrandissement", "action_flag": 1, "change_message": "[{\"added\": {}}]"}}, {"model": "admin.logentry", "pk": 46, "fields": {"action_time": "2020-01-16T08:27:03.454Z", "user": 1, "content_type": 22, "object_id": "2", "object_repr": "D\u00e9molition", "action_flag": 1, "change_message": "[{\"added\": {}}]"}}, {"model": "admin.logentry", "pk": 47, "fields": {"action_time": "2020-01-16T08:27:12.134Z", "user": 1, "content_type": 22, "object_id": "3", "object_repr": "R\u00e9novation", "action_flag": 1, "change_message": "[{\"added\": {}}]"}}, {"model": "admin.logentry", "pk": 48, "fields": {"action_time": "2020-01-16T08:27:29.109Z", "user": 1, "content_type": 21, "object_id": "1", "object_repr": "B\u00fbcher (Transformation, agrandissement)", "action_flag": 1, "change_message": "[{\"added\": {}}]"}}, {"model": "admin.logentry", "pk": 49, "fields": {"action_time": "2020-01-16T08:27:36.514Z", "user": 1, "content_type": 21, "object_id": "2", "object_repr": "Couverture de terrasse (Transformation, agrandissement)", "action_flag": 1, "change_message": "[{\"added\": {}}]"}}, {"model": "admin.logentry", "pk": 50, "fields": {"action_time": "2020-01-16T08:27:40.927Z", "user": 1, "content_type": 21, "object_id": "3", "object_repr": "Chemin\u00e9e (D\u00e9molition)", "action_flag": 1, "change_message": "[{\"added\": {}}]"}}, {"model": "admin.logentry", "pk": 51, "fields": {"action_time": "2020-01-16T08:27:46.328Z", "user": 1, "content_type": 21, "object_id": "4", "object_repr": "B\u00fbcher (D\u00e9molition)", "action_flag": 1, "change_message": "[{\"added\": {}}]"}}, {"model": "admin.logentry", "pk": 52, "fields": {"action_time": "2020-01-16T08:27:54.133Z", "user": 1, "content_type": 21, "object_id": "5", "object_repr": "Piscine (R\u00e9novation)", "action_flag": 1, "change_message": "[{\"added\": {}}]"}}, {"model": "admin.logentry", "pk": 53, "fields": {"action_time": "2020-01-16T08:27:58.658Z", "user": 1, "content_type": 21, "object_id": "6", "object_repr": "Couverture de terrasse (R\u00e9novation)", "action_flag": 1, "change_message": "[{\"added\": {}}]"}}, {"model": "admin.logentry", "pk": 54, "fields": {"action_time": "2020-01-16T08:28:03.605Z", "user": 1, "content_type": 21, "object_id": "7", "object_repr": "B\u00fbcher (R\u00e9novation)", "action_flag": 1, "change_message": "[{\"added\": {}}]"}}, {"model": "admin.logentry", "pk": 55, "fields": {"action_time": "2020-01-16T08:28:28.034Z", "user": 1, "content_type": 24, "object_id": "1", "object_repr": "Hauteur (m\u00e8tres)", "action_flag": 1, "change_message": "[{\"added\": {}}]"}}, {"model": "admin.logentry", "pk": 56, "fields": {"action_time": "2020-01-16T08:28:47.734Z", "user": 1, "content_type": 24, "object_id": "2", "object_repr": "Surface totale", "action_flag": 1, "change_message": "[{\"added\": {}}]"}}, {"model": "admin.logentry", "pk": 57, "fields": {"action_time": "2020-01-16T08:29:06.254Z", "user": 1, "content_type": 24, "object_id": "3", "object_repr": "Plan", "action_flag": 1, "change_message": "[{\"added\": {}}]"}}, {"model": "admin.logentry", "pk": 58, "fields": {"action_time": "2020-01-16T08:29:31.651Z", "user": 1, "content_type": 24, "object_id": "4", "object_repr": "Le projet concerne la d\u00e9tention ou la garde d'animaux", "action_flag": 1, "change_message": "[{\"added\": {}}]"}}, {"model": "admin.logentry", "pk": 59, "fields": {"action_time": "2020-03-29T18:51:13.203Z", "user": 1, "content_type": 7, "object_id": "1", "object_repr": "demo name", "action_flag": 2, "change_message": "[{\"changed\": {\"fields\": [\"vat_number\", \"user\"]}}]"}}, {"model": "admin.logentry", "pk": 60, "fields": {"action_time": "2020-03-29T18:52:24.480Z", "user": 1, "content_type": 7, "object_id": "1", "object_repr": "demo name", "action_flag": 2, "change_message": "[{\"changed\": {\"fields\": [\"vat_number\"]}}]"}}, {"model": "admin.logentry", "pk": 61, "fields": {"action_time": "2020-03-29T18:52:32.613Z", "user": 1, "content_type": 7, "object_id": "1", "object_repr": "demo name", "action_flag": 2, "change_message": "[{\"changed\": {\"fields\": [\"user\"]}}]"}}, {"model": "admin.logentry", "pk": 62, "fields": {"action_time": "2020-03-29T18:53:13.435Z", "user": 1, "content_type": 27, "object_id": "1", "object_repr": "Entreprise (D\u00e9molition)", "action_flag": 1, "change_message": "[{\"added\": {}}]"}}, {"model": "admin.logentry", "pk": 63, "fields": {"action_time": "2020-03-29T18:53:23.917Z", "user": 1, "content_type": 27, "object_id": "2", "object_repr": "Ma\u00eetre d'ouvrage (D\u00e9molition)", "action_flag": 1, "change_message": "[{\"added\": {}}]"}}, {"model": "admin.logentry", "pk": 64, "fields": {"action_time": "2020-03-29T18:56:24.485Z", "user": 1, "content_type": 7, "object_id": "1", "object_repr": "demo name", "action_flag": 2, "change_message": "[{\"changed\": {\"fields\": [\"vat_number\", \"user\"]}}]"}}, {"model": "admin.logentry", "pk": 65, "fields": {"action_time": "2020-03-29T19:21:26.432Z", "user": 1, "content_type": 19, "object_id": "35", "object_repr": "PermitRequest object (35)", "action_flag": 3, "change_message": ""}}, {"model": "admin.logentry", "pk": 66, "fields": {"action_time": "2020-03-29T19:21:26.437Z", "user": 1, "content_type": 19, "object_id": "34", "object_repr": "PermitRequest object (34)", "action_flag": 3, "change_message": ""}}, {"model": "admin.logentry", "pk": 67, "fields": {"action_time": "2020-03-29T19:21:26.441Z", "user": 1, "content_type": 19, "object_id": "1", "object_repr": "PermitRequest object (1)", "action_flag": 3, "change_message": ""}}, {"model": "admin.logentry", "pk": 68, "fields": {"action_time": "2020-03-29T19:21:35.808Z", "user": 1, "content_type": 28, "object_id": "2", "object_repr": "marce", "action_flag": 3, "change_message": ""}}, {"model": "admin.logentry", "pk": 69, "fields": {"action_time": "2020-03-29T19:21:35.816Z", "user": 1, "content_type": 28, "object_id": "1", "object_repr": "marce", "action_flag": 3, "change_message": ""}}, {"model": "admin.logentry", "pk": 70, "fields": {"action_time": "2020-03-30T12:58:37.723Z", "user": 1, "content_type": 7, "object_id": "1", "object_repr": "demo name", "action_flag": 2, "change_message": "[{\"changed\": {\"fields\": [\"vat_number\", \"user\"]}}]"}}, {"model": "admin.logentry", "pk": 71, "fields": {"action_time": "2020-03-30T16:11:13.522Z", "user": 1, "content_type": 19, "object_id": "71", "object_repr": "PermitRequest object (71)", "action_flag": 3, "change_message": ""}}, {"model": "admin.logentry", "pk": 72, "fields": {"action_time": "2020-03-30T16:11:13.527Z", "user": 1, "content_type": 19, "object_id": "70", "object_repr": "PermitRequest object (70)", "action_flag": 3, "change_message": ""}}, {"model": "admin.logentry", "pk": 73, "fields": {"action_time": "2020-03-30T16:11:13.530Z", "user": 1, "content_type": 19, "object_id": "69", "object_repr": "PermitRequest object (69)", "action_flag": 3, "change_message": ""}}, {"model": "admin.logentry", "pk": 74, "fields": {"action_time": "2020-03-30T16:11:13.533Z", "user": 1, "content_type": 19, "object_id": "36", "object_repr": "PermitRequest object (36)", "action_flag": 3, "change_message": ""}}, {"model": "admin.logentry", "pk": 75, "fields": {"action_time": "2020-03-30T16:11:35.695Z", "user": 1, "content_type": 22, "object_id": "4", "object_repr": "Fouille", "action_flag": 1, "change_message": "[{\"added\": {}}]"}}, {"model": "admin.logentry", "pk": 76, "fields": {"action_time": "2020-03-30T16:12:01.413Z", "user": 1, "content_type": 22, "object_id": "5", "object_repr": "D\u00e9p\u00f4t domaine public", "action_flag": 1, "change_message": "[{\"added\": {}}]"}}, {"model": "admin.logentry", "pk": 77, "fields": {"action_time": "2020-03-30T16:12:09.803Z", "user": 1, "content_type": 22, "object_id": "4", "object_repr": "Fouille sur domaine public", "action_flag": 2, "change_message": "[{\"changed\": {\"fields\": [\"name\"]}}]"}}, {"model": "admin.logentry", "pk": 78, "fields": {"action_time": "2020-03-30T16:12:54.400Z", "user": 1, "content_type": 22, "object_id": "5", "object_repr": "D\u00e9p\u00f4t domaine public", "action_flag": 3, "change_message": ""}}, {"model": "admin.logentry", "pk": 79, "fields": {"action_time": "2020-03-30T16:12:54.412Z", "user": 1, "content_type": 22, "object_id": "4", "object_repr": "Fouille sur domaine public", "action_flag": 3, "change_message": ""}}, {"model": "admin.logentry", "pk": 80, "fields": {"action_time": "2020-03-30T16:13:15.845Z", "user": 1, "content_type": 22, "object_id": "6", "object_repr": "Utilisation du domaine public", "action_flag": 1, "change_message": "[{\"added\": {}}]"}}, {"model": "admin.logentry", "pk": 81, "fields": {"action_time": "2020-03-30T16:13:33.885Z", "user": 1, "content_type": 20, "object_id": "5", "object_repr": "Fouille", "action_flag": 1, "change_message": "[{\"added\": {}}]"}}, {"model": "admin.logentry", "pk": 82, "fields": {"action_time": "2020-03-30T16:13:43.416Z", "user": 1, "content_type": 20, "object_id": "6", "object_repr": "D\u00e9p\u00f4t", "action_flag": 1, "change_message": "[{\"added\": {}}]"}}, {"model": "admin.logentry", "pk": 83, "fields": {"action_time": "2020-03-30T16:14:06.250Z", "user": 1, "content_type": 21, "object_id": "8", "object_repr": "Fouille (Utilisation du domaine public)", "action_flag": 1, "change_message": "[{\"added\": {}}]"}}, {"model": "admin.logentry", "pk": 84, "fields": {"action_time": "2020-03-30T16:14:15.295Z", "user": 1, "content_type": 21, "object_id": "9", "object_repr": "D\u00e9p\u00f4t (Utilisation du domaine public)", "action_flag": 1, "change_message": "[{\"added\": {}}]"}}, {"model": "admin.logentry", "pk": 85, "fields": {"action_time": "2020-03-30T16:14:49.504Z", "user": 1, "content_type": 27, "object_id": "3", "object_repr": "Entreprise (Utilisation du domaine public)", "action_flag": 1, "change_message": "[{\"added\": {}}]"}}, {"model": "admin.logentry", "pk": 86, "fields": {"action_time": "2020-03-30T16:15:01.819Z", "user": 1, "content_type": 27, "object_id": "4", "object_repr": "Ma\u00eetre d'ouvrage (Utilisation du domaine public)", "action_flag": 1, "change_message": "[{\"added\": {}}]"}}, {"model": "admin.logentry", "pk": 87, "fields": {"action_time": "2020-03-30T16:15:11.844Z", "user": 1, "content_type": 27, "object_id": "5", "object_repr": "Popri\u00e9taire (R\u00e9novation)", "action_flag": 1, "change_message": "[{\"added\": {}}]"}}, {"model": "admin.logentry", "pk": 88, "fields": {"action_time": "2020-03-30T16:15:19.413Z", "user": 1, "content_type": 27, "object_id": "6", "object_repr": "Entreprise (R\u00e9novation)", "action_flag": 1, "change_message": "[{\"added\": {}}]"}}, {"model": "admin.logentry", "pk": 89, "fields": {"action_time": "2020-03-30T16:15:30.002Z", "user": 1, "content_type": 27, "object_id": "7", "object_repr": "Popri\u00e9taire (Transformation, agrandissement)", "action_flag": 1, "change_message": "[{\"added\": {}}]"}}, {"model": "admin.logentry", "pk": 90, "fields": {"action_time": "2020-03-30T16:15:38.430Z", "user": 1, "content_type": 27, "object_id": "8", "object_repr": "Entreprise (Utilisation du domaine public)", "action_flag": 1, "change_message": "[{\"added\": {}}]"}}, {"model": "admin.logentry", "pk": 91, "fields": {"action_time": "2020-03-30T16:16:21.121Z", "user": 1, "content_type": 7, "object_id": "2", "object_repr": "demo name", "action_flag": 2, "change_message": "[{\"changed\": {\"fields\": [\"user\"]}}]"}}, {"model": "admin.logentry", "pk": 92, "fields": {"action_time": "2020-03-30T16:17:14.620Z", "user": 1, "content_type": 17, "object_id": "1", "object_repr": "Commune test 1", "action_flag": 2, "change_message": "[{\"changed\": {\"fields\": [\"name\", \"geom\"]}}]"}}, {"model": "admin.logentry", "pk": 93, "fields": {"action_time": "2020-03-30T16:17:38.756Z", "user": 1, "content_type": 17, "object_id": "2", "object_repr": "Commune test 2", "action_flag": 1, "change_message": "[{\"added\": {}}]"}}, {"model": "admin.logentry", "pk": 94, "fields": {"action_time": "2020-03-30T18:09:44.981Z", "user": 1, "content_type": 22, "object_id": "7", "object_repr": "Nouvelle construction sans d\u00e9molition", "action_flag": 1, "change_message": "[{\"added\": {}}]"}}, {"model": "admin.logentry", "pk": 95, "fields": {"action_time": "2020-03-30T18:10:03.410Z", "user": 1, "content_type": 22, "object_id": "8", "object_repr": "Abattage d'arbre", "action_flag": 1, "change_message": "[{\"added\": {}}]"}}, {"model": "admin.logentry", "pk": 96, "fields": {"action_time": "2020-03-30T18:10:49.891Z", "user": 1, "content_type": 22, "object_id": "6", "object_repr": "Chantier sur domaine public (fouille, d\u00e9p\u00f4t,...)", "action_flag": 2, "change_message": "[{\"changed\": {\"fields\": [\"name\"]}}]"}}, {"model": "admin.logentry", "pk": 97, "fields": {"action_time": "2020-03-30T18:12:25.540Z", "user": 1, "content_type": 22, "object_id": "3", "object_repr": "R\u00e9novation", "action_flag": 3, "change_message": ""}}, {"model": "admin.logentry", "pk": 98, "fields": {"action_time": "2020-03-30T18:12:52.603Z", "user": 1, "content_type": 22, "object_id": "9", "object_repr": "R\u00e9novation, agrandissement", "action_flag": 1, "change_message": "[{\"added\": {}}]"}}, {"model": "admin.logentry", "pk": 99, "fields": {"action_time": "2020-03-30T18:13:06.168Z", "user": 1, "content_type": 22, "object_id": "10", "object_repr": "Mise en conformit\u00e9", "action_flag": 1, "change_message": "[{\"added\": {}}]"}}, {"model": "admin.logentry", "pk": 100, "fields": {"action_time": "2020-03-30T18:13:35.268Z", "user": 1, "content_type": 22, "object_id": "11", "object_repr": "Modification du terrain", "action_flag": 1, "change_message": "[{\"added\": {}}]"}}, {"model": "admin.logentry", "pk": 101, "fields": {"action_time": "2020-03-30T18:14:12.902Z", "user": 1, "content_type": 20, "object_id": "4", "object_repr": "Piscine", "action_flag": 3, "change_message": ""}}, {"model": "admin.logentry", "pk": 102, "fields": {"action_time": "2020-03-30T18:14:12.908Z", "user": 1, "content_type": 20, "object_id": "3", "object_repr": "Couverture de terrasse", "action_flag": 3, "change_message": ""}}, {"model": "admin.logentry", "pk": 103, "fields": {"action_time": "2020-03-30T18:14:12.911Z", "user": 1, "content_type": 20, "object_id": "2", "object_repr": "B\u00fbcher", "action_flag": 3, "change_message": ""}}, {"model": "admin.logentry", "pk": 104, "fields": {"action_time": "2020-03-30T18:14:12.915Z", "user": 1, "content_type": 20, "object_id": "1", "object_repr": "Chemin\u00e9e", "action_flag": 3, "change_message": ""}}, {"model": "admin.logentry", "pk": 105, "fields": {"action_time": "2020-03-30T18:14:26.907Z", "user": 1, "content_type": 20, "object_id": "7", "object_repr": "R\u00e9fection de chauss\u00e9e", "action_flag": 1, "change_message": "[{\"added\": {}}]"}}, {"model": "admin.logentry", "pk": 106, "fields": {"action_time": "2020-03-30T18:14:50.734Z", "user": 1, "content_type": 20, "object_id": "8", "object_repr": "Construction provisoire jusqu'\u00e0 3 mois", "action_flag": 1, "change_message": "[{\"added\": {}}]"}}, {"model": "admin.logentry", "pk": 107, "fields": {"action_time": "2020-03-30T18:15:09.282Z", "user": 1, "content_type": 20, "object_id": "9", "object_repr": "Teintes de fa\u00e7ades, de volets ou de stores", "action_flag": 1, "change_message": "[{\"added\": {}}]"}}, {"model": "admin.logentry", "pk": 108, "fields": {"action_time": "2020-03-30T18:15:25.210Z", "user": 1, "content_type": 20, "object_id": "10", "object_repr": "R\u00e9novations int\u00e9rieures", "action_flag": 1, "change_message": "[{\"added\": {}}]"}}, {"model": "admin.logentry", "pk": 109, "fields": {"action_time": "2020-03-30T18:15:45.002Z", "user": 1, "content_type": 20, "object_id": "11", "object_repr": "Rafra\u00eechissements int\u00e9rieurs", "action_flag": 1, "change_message": "[{\"added\": {}}]"}}, {"model": "admin.logentry", "pk": 110, "fields": {"action_time": "2020-03-30T18:16:05.784Z", "user": 1, "content_type": 20, "object_id": "12", "object_repr": "Redistribution int\u00e9rieure sans changement d'affectation", "action_flag": 1, "change_message": "[{\"added\": {}}]"}}, {"model": "admin.logentry", "pk": 111, "fields": {"action_time": "2020-03-30T18:16:12.668Z", "user": 1, "content_type": 20, "object_id": "13", "object_repr": "Stores bannes en fa\u00e7ade ou au-dessus d'une vitrine d'un commerce ou d'un \u00e9tablissement public", "action_flag": 1, "change_message": "[{\"added\": {}}]"}}, {"model": "admin.logentry", "pk": 112, "fields": {"action_time": "2020-03-30T18:16:17.461Z", "user": 1, "content_type": 20, "object_id": "14", "object_repr": "Isolation p\u00e9riph\u00e9rique", "action_flag": 1, "change_message": "[{\"added\": {}}]"}}, {"model": "admin.logentry", "pk": 113, "fields": {"action_time": "2020-03-30T18:16:22.326Z", "user": 1, "content_type": 20, "object_id": "15", "object_repr": "Proc\u00e9d\u00e9s de r\u00e9clames (tous types d'enseignes)", "action_flag": 1, "change_message": "[{\"added\": {}}]"}}, {"model": "admin.logentry", "pk": 114, "fields": {"action_time": "2020-03-30T18:16:26.955Z", "user": 1, "content_type": 20, "object_id": "16", "object_repr": "Remplacement des fen\u00eatres et volets", "action_flag": 1, "change_message": "[{\"added\": {}}]"}}, {"model": "admin.logentry", "pk": 115, "fields": {"action_time": "2020-03-30T18:16:31.764Z", "user": 1, "content_type": 20, "object_id": "17", "object_repr": "Places de parc", "action_flag": 1, "change_message": "[{\"added\": {}}]"}}, {"model": "admin.logentry", "pk": 116, "fields": {"action_time": "2020-03-30T18:16:37.195Z", "user": 1, "content_type": 20, "object_id": "18", "object_repr": "Couverts jusqu'\u00e0 40m\u00b2", "action_flag": 1, "change_message": "[{\"added\": {}}]"}}, {"model": "admin.logentry", "pk": 117, "fields": {"action_time": "2020-03-30T18:16:44.539Z", "user": 1, "content_type": 20, "object_id": "19", "object_repr": "Pergolas jusqu'\u00e0 40m\u00b2", "action_flag": 1, "change_message": "[{\"added\": {}}]"}}, {"model": "admin.logentry", "pk": 118, "fields": {"action_time": "2020-03-30T18:16:48.882Z", "user": 1, "content_type": 20, "object_id": "20", "object_repr": "V\u00e9randa jusqu'\u00e0 40m\u00b2", "action_flag": 1, "change_message": "[{\"added\": {}}]"}}, {"model": "admin.logentry", "pk": 119, "fields": {"action_time": "2020-03-30T18:16:56.420Z", "user": 1, "content_type": 20, "object_id": "21", "object_repr": "Jardin d'hiver chauff\u00e9", "action_flag": 1, "change_message": "[{\"added\": {}}]"}}, {"model": "admin.logentry", "pk": 120, "fields": {"action_time": "2020-03-30T18:17:02.458Z", "user": 1, "content_type": 20, "object_id": "22", "object_repr": "Jardin d'hiver non chauff\u00e9", "action_flag": 1, "change_message": "[{\"added\": {}}]"}}, {"model": "admin.logentry", "pk": 121, "fields": {"action_time": "2020-03-30T18:17:07.578Z", "user": 1, "content_type": 20, "object_id": "23", "object_repr": "Elargissement d'ouvertures en fa\u00e7ade", "action_flag": 1, "change_message": "[{\"added\": {}}]"}}, {"model": "admin.logentry", "pk": 122, "fields": {"action_time": "2020-03-30T18:17:13.038Z", "user": 1, "content_type": 20, "object_id": "24", "object_repr": "Barbecues, fours \u00e0 pains ou pizza", "action_flag": 1, "change_message": "[{\"added\": {}}]"}}, {"model": "admin.logentry", "pk": 123, "fields": {"action_time": "2020-03-30T18:17:18.346Z", "user": 1, "content_type": 20, "object_id": "25", "object_repr": "Cl\u00f4tures, palissades ou murs jusqu'\u00e0 2m de haut", "action_flag": 1, "change_message": "[{\"added\": {}}]"}}, {"model": "admin.logentry", "pk": 124, "fields": {"action_time": "2020-03-30T18:17:23.106Z", "user": 1, "content_type": 20, "object_id": "26", "object_repr": "Panneaux solaires en toiture, au sol ou en fa\u00e7ade", "action_flag": 1, "change_message": "[{\"added\": {}}]"}}, {"model": "admin.logentry", "pk": 125, "fields": {"action_time": "2020-03-30T18:17:27.338Z", "user": 1, "content_type": 20, "object_id": "27", "object_repr": "Avant-toits", "action_flag": 1, "change_message": "[{\"added\": {}}]"}}, {"model": "admin.logentry", "pk": 126, "fields": {"action_time": "2020-03-30T18:17:31.798Z", "user": 1, "content_type": 20, "object_id": "28", "object_repr": "Balcons", "action_flag": 1, "change_message": "[{\"added\": {}}]"}}, {"model": "admin.logentry", "pk": 127, "fields": {"action_time": "2020-03-30T18:17:36.794Z", "user": 1, "content_type": 20, "object_id": "29", "object_repr": "Rampes d'acc\u00e8s ou terrasses", "action_flag": 1, "change_message": "[{\"added\": {}}]"}}, {"model": "admin.logentry", "pk": 128, "fields": {"action_time": "2020-03-30T18:17:41.530Z", "user": 1, "content_type": 20, "object_id": "30", "object_repr": "Terrassement jusqu'\u00e0 1m de hauteur ou 20m\u00b3", "action_flag": 1, "change_message": "[{\"added\": {}}]"}}, {"model": "admin.logentry", "pk": 129, "fields": {"action_time": "2020-03-30T18:17:46.030Z", "user": 1, "content_type": 20, "object_id": "31", "object_repr": "Piscines hors-sol d\u00e9montables", "action_flag": 1, "change_message": "[{\"added\": {}}]"}}, {"model": "admin.logentry", "pk": 130, "fields": {"action_time": "2020-03-30T18:17:50.899Z", "user": 1, "content_type": 20, "object_id": "32", "object_repr": "Jacuzzis jusqu' 5m\u00b3", "action_flag": 1, "change_message": "[{\"added\": {}}]"}}, {"model": "admin.logentry", "pk": 131, "fields": {"action_time": "2020-03-30T18:17:56.540Z", "user": 1, "content_type": 20, "object_id": "33", "object_repr": "Pompes \u00e0 chaleur air-eau", "action_flag": 1, "change_message": "[{\"added\": {}}]"}}, {"model": "admin.logentry", "pk": 132, "fields": {"action_time": "2020-03-30T18:18:00.748Z", "user": 1, "content_type": 20, "object_id": "34", "object_repr": "Pompes \u00e0 chaleur ou sondes g\u00e9othermiques", "action_flag": 1, "change_message": "[{\"added\": {}}]"}}, {"model": "admin.logentry", "pk": 133, "fields": {"action_time": "2020-03-30T18:18:05.572Z", "user": 1, "content_type": 20, "object_id": "35", "object_repr": "B\u00fbchers", "action_flag": 1, "change_message": "[{\"added\": {}}]"}}, {"model": "admin.logentry", "pk": 134, "fields": {"action_time": "2020-03-30T18:18:09.961Z", "user": 1, "content_type": 20, "object_id": "36", "object_repr": "Cabanes de jardin", "action_flag": 1, "change_message": "[{\"added\": {}}]"}}, {"model": "admin.logentry", "pk": 135, "fields": {"action_time": "2020-03-30T18:18:14.019Z", "user": 1, "content_type": 20, "object_id": "37", "object_repr": "Serres jusqu'\u00e0 16m\u00b2", "action_flag": 1, "change_message": "[{\"added\": {}}]"}}, {"model": "admin.logentry", "pk": 136, "fields": {"action_time": "2020-03-30T18:18:18.341Z", "user": 1, "content_type": 20, "object_id": "38", "object_repr": "Chemin\u00e9es ou conduits de chemin\u00e9e", "action_flag": 1, "change_message": "[{\"added\": {}}]"}}, {"model": "admin.logentry", "pk": 137, "fields": {"action_time": "2020-03-30T18:18:23.175Z", "user": 1, "content_type": 20, "object_id": "39", "object_repr": "Poulaillers jusqu'\u00e0 2m\u00b2", "action_flag": 1, "change_message": "[{\"added\": {}}]"}}, {"model": "admin.logentry", "pk": 138, "fields": {"action_time": "2020-03-30T18:18:37.938Z", "user": 1, "content_type": 20, "object_id": "40", "object_repr": "Arbres dont le diam\u00e8tre est \u00e9gal ou sup\u00e9rieur \u00e0 30cm \u00e0 130cm mesur\u00e9 au-dessus du terrain", "action_flag": 1, "change_message": "[{\"added\": {}}]"}}, {"model": "admin.logentry", "pk": 139, "fields": {"action_time": "2020-03-30T18:19:08.163Z", "user": 1, "content_type": 22, "object_id": "7", "object_repr": "Nouvelle construction", "action_flag": 2, "change_message": "[{\"changed\": {\"fields\": [\"name\"]}}]"}}, {"model": "admin.logentry", "pk": 140, "fields": {"action_time": "2020-03-30T18:19:40.389Z", "user": 1, "content_type": 22, "object_id": "12", "object_repr": "\u00c9v\u00e9nement sur domaine public (Culturel, sportif, ...)", "action_flag": 1, "change_message": "[{\"added\": {}}]"}}, {"model": "admin.logentry", "pk": 141, "fields": {"action_time": "2020-03-30T18:20:04.894Z", "user": 1, "content_type": 20, "object_id": "41", "object_repr": "\u00c9v\u00e9nement culturel", "action_flag": 1, "change_message": "[{\"added\": {}}]"}}, {"model": "admin.logentry", "pk": 142, "fields": {"action_time": "2020-03-30T18:20:18.171Z", "user": 1, "content_type": 20, "object_id": "42", "object_repr": "\u00c9v\u00e9nement sportif", "action_flag": 1, "change_message": "[{\"added\": {}}]"}}, {"model": "admin.logentry", "pk": 143, "fields": {"action_time": "2020-03-30T18:20:26.791Z", "user": 1, "content_type": 20, "object_id": "43", "object_repr": "\u00c9v\u00e9nement commercial", "action_flag": 1, "change_message": "[{\"added\": {}}]"}}, {"model": "admin.logentry", "pk": 144, "fields": {"action_time": "2020-03-30T18:21:01.262Z", "user": 1, "content_type": 21, "object_id": "10", "object_repr": "R\u00e9fection de chauss\u00e9e (Chantier sur domaine public (fouille, d\u00e9p\u00f4t,...))", "action_flag": 1, "change_message": "[{\"added\": {}}]"}}, {"model": "admin.logentry", "pk": 145, "fields": {"action_time": "2020-03-30T18:21:21.709Z", "user": 1, "content_type": 21, "object_id": "11", "object_repr": "\u00c9v\u00e9nement culturel (\u00c9v\u00e9nement sur domaine public (Culturel, sportif, ...))", "action_flag": 1, "change_message": "[{\"added\": {}}]"}}, {"model": "admin.logentry", "pk": 146, "fields": {"action_time": "2020-03-30T18:21:30.588Z", "user": 1, "content_type": 21, "object_id": "12", "object_repr": "\u00c9v\u00e9nement sportif (\u00c9v\u00e9nement sur domaine public (Culturel, sportif, ...))", "action_flag": 1, "change_message": "[{\"added\": {}}]"}}, {"model": "admin.logentry", "pk": 147, "fields": {"action_time": "2020-03-30T18:21:39.403Z", "user": 1, "content_type": 21, "object_id": "13", "object_repr": "\u00c9v\u00e9nement commercial (\u00c9v\u00e9nement sur domaine public (Culturel, sportif, ...))", "action_flag": 1, "change_message": "[{\"added\": {}}]"}}, {"model": "admin.logentry", "pk": 148, "fields": {"action_time": "2020-03-30T18:22:06.051Z", "user": 1, "content_type": 21, "object_id": "14", "object_repr": "Construction provisoire jusqu'\u00e0 3 mois (Nouvelle construction)", "action_flag": 1, "change_message": "[{\"added\": {}}]"}}, {"model": "admin.logentry", "pk": 149, "fields": {"action_time": "2020-03-30T18:23:21.532Z", "user": 1, "content_type": 22, "object_id": "1", "object_repr": "Transformation, agrandissement", "action_flag": 3, "change_message": ""}}, {"model": "admin.logentry", "pk": 150, "fields": {"action_time": "2020-03-30T18:23:38.917Z", "user": 1, "content_type": 22, "object_id": "9", "object_repr": "Transformation, r\u00e9novation, agrandissement", "action_flag": 2, "change_message": "[{\"changed\": {\"fields\": [\"name\"]}}]"}}, {"model": "admin.logentry", "pk": 151, "fields": {"action_time": "2020-03-30T18:24:03.363Z", "user": 1, "content_type": 21, "object_id": "15", "object_repr": "Teintes de fa\u00e7ades, de volets ou de stores (Transformation, r\u00e9novation, agrandissement)", "action_flag": 1, "change_message": "[{\"added\": {}}]"}}, {"model": "admin.logentry", "pk": 152, "fields": {"action_time": "2020-03-30T18:24:16.092Z", "user": 1, "content_type": 21, "object_id": "16", "object_repr": "R\u00e9novations int\u00e9rieures (Transformation, r\u00e9novation, agrandissement)", "action_flag": 1, "change_message": "[{\"added\": {}}]"}}, {"model": "admin.logentry", "pk": 153, "fields": {"action_time": "2020-03-30T18:25:25.605Z", "user": 1, "content_type": 21, "object_id": "17", "object_repr": "Rafra\u00eechissements int\u00e9rieurs (Transformation, r\u00e9novation, agrandissement)", "action_flag": 1, "change_message": "[{\"added\": {}}]"}}, {"model": "admin.logentry", "pk": 154, "fields": {"action_time": "2020-03-30T18:25:34.350Z", "user": 1, "content_type": 21, "object_id": "18", "object_repr": "Redistribution int\u00e9rieure sans changement d'affectation (Transformation, r\u00e9novation, agrandissement)", "action_flag": 1, "change_message": "[{\"added\": {}}]"}}, {"model": "admin.logentry", "pk": 155, "fields": {"action_time": "2020-03-30T18:25:59.871Z", "user": 1, "content_type": 21, "object_id": "19", "object_repr": "Stores bannes en fa\u00e7ade ou au-dessus d'une vitrine d'un commerce ou d'un \u00e9tablissement public (Nouvelle construction)", "action_flag": 1, "change_message": "[{\"added\": {}}]"}}, {"model": "admin.logentry", "pk": 156, "fields": {"action_time": "2020-03-30T18:26:10.802Z", "user": 1, "content_type": 21, "object_id": "20", "object_repr": "Stores bannes en fa\u00e7ade ou au-dessus d'une vitrine d'un commerce ou d'un \u00e9tablissement public (D\u00e9molition)", "action_flag": 1, "change_message": "[{\"added\": {}}]"}}, {"model": "admin.logentry", "pk": 157, "fields": {"action_time": "2020-03-30T18:26:24.438Z", "user": 1, "content_type": 21, "object_id": "21", "object_repr": "Isolation p\u00e9riph\u00e9rique (Transformation, r\u00e9novation, agrandissement)", "action_flag": 1, "change_message": "[{\"added\": {}}]"}}, {"model": "admin.logentry", "pk": 158, "fields": {"action_time": "2020-03-30T18:26:39.381Z", "user": 1, "content_type": 21, "object_id": "22", "object_repr": "Proc\u00e9d\u00e9s de r\u00e9clames (tous types d'enseignes) (Nouvelle construction)", "action_flag": 1, "change_message": "[{\"added\": {}}]"}}, {"model": "admin.logentry", "pk": 159, "fields": {"action_time": "2020-03-30T18:26:49.267Z", "user": 1, "content_type": 21, "object_id": "23", "object_repr": "Proc\u00e9d\u00e9s de r\u00e9clames (tous types d'enseignes) (D\u00e9molition)", "action_flag": 1, "change_message": "[{\"added\": {}}]"}}, {"model": "admin.logentry", "pk": 160, "fields": {"action_time": "2020-03-30T18:27:07.741Z", "user": 1, "content_type": 21, "object_id": "24", "object_repr": "Proc\u00e9d\u00e9s de r\u00e9clames (tous types d'enseignes) (Transformation, r\u00e9novation, agrandissement)", "action_flag": 1, "change_message": "[{\"added\": {}}]"}}, {"model": "admin.logentry", "pk": 161, "fields": {"action_time": "2020-03-30T18:27:24.977Z", "user": 1, "content_type": 21, "object_id": "25", "object_repr": "Stores bannes en fa\u00e7ade ou au-dessus d'une vitrine d'un commerce ou d'un \u00e9tablissement public (Transformation, r\u00e9novation, agrandissement)", "action_flag": 1, "change_message": "[{\"added\": {}}]"}}, {"model": "admin.logentry", "pk": 162, "fields": {"action_time": "2020-03-30T18:27:40.895Z", "user": 1, "content_type": 21, "object_id": "26", "object_repr": "Remplacement des fen\u00eatres et volets (Transformation, r\u00e9novation, agrandissement)", "action_flag": 1, "change_message": "[{\"added\": {}}]"}}, {"model": "admin.logentry", "pk": 163, "fields": {"action_time": "2020-03-30T18:27:53.742Z", "user": 1, "content_type": 21, "object_id": "27", "object_repr": "Places de parc (Nouvelle construction)", "action_flag": 1, "change_message": "[{\"added\": {}}]"}}, {"model": "admin.logentry", "pk": 164, "fields": {"action_time": "2020-03-30T18:28:04.949Z", "user": 1, "content_type": 21, "object_id": "28", "object_repr": "Places de parc (D\u00e9molition)", "action_flag": 1, "change_message": "[{\"added\": {}}]"}}, {"model": "admin.logentry", "pk": 165, "fields": {"action_time": "2020-03-30T18:28:20.316Z", "user": 1, "content_type": 21, "object_id": "29", "object_repr": "Places de parc (Transformation, r\u00e9novation, agrandissement)", "action_flag": 1, "change_message": "[{\"added\": {}}]"}}, {"model": "admin.logentry", "pk": 166, "fields": {"action_time": "2020-03-30T18:29:26.080Z", "user": 1, "content_type": 21, "object_id": "30", "object_repr": "Couverts jusqu'\u00e0 40m\u00b2 (Nouvelle construction)", "action_flag": 1, "change_message": "[{\"added\": {}}]"}}, {"model": "admin.logentry", "pk": 167, "fields": {"action_time": "2020-03-30T18:29:32.794Z", "user": 1, "content_type": 21, "object_id": "31", "object_repr": "Couverts jusqu'\u00e0 40m\u00b2 (D\u00e9molition)", "action_flag": 1, "change_message": "[{\"added\": {}}]"}}, {"model": "admin.logentry", "pk": 168, "fields": {"action_time": "2020-03-30T18:29:45.727Z", "user": 1, "content_type": 21, "object_id": "32", "object_repr": "Pergolas jusqu'\u00e0 40m\u00b2 (D\u00e9molition)", "action_flag": 1, "change_message": "[{\"added\": {}}]"}}, {"model": "admin.logentry", "pk": 169, "fields": {"action_time": "2020-03-30T18:29:57.473Z", "user": 1, "content_type": 21, "object_id": "33", "object_repr": "Pergolas jusqu'\u00e0 40m\u00b2 (Nouvelle construction)", "action_flag": 1, "change_message": "[{\"added\": {}}]"}}, {"model": "admin.logentry", "pk": 170, "fields": {"action_time": "2020-03-30T18:30:09.871Z", "user": 1, "content_type": 21, "object_id": "34", "object_repr": "V\u00e9randa jusqu'\u00e0 40m\u00b2 (D\u00e9molition)", "action_flag": 1, "change_message": "[{\"added\": {}}]"}}, {"model": "admin.logentry", "pk": 171, "fields": {"action_time": "2020-03-30T18:30:18.358Z", "user": 1, "content_type": 21, "object_id": "35", "object_repr": "V\u00e9randa jusqu'\u00e0 40m\u00b2 (Nouvelle construction)", "action_flag": 1, "change_message": "[{\"added\": {}}]"}}, {"model": "admin.logentry", "pk": 172, "fields": {"action_time": "2020-03-30T18:30:35.308Z", "user": 1, "content_type": 21, "object_id": "36", "object_repr": "Jardin d'hiver chauff\u00e9 (D\u00e9molition)", "action_flag": 1, "change_message": "[{\"added\": {}}]"}}, {"model": "admin.logentry", "pk": 173, "fields": {"action_time": "2020-03-30T18:30:48.404Z", "user": 1, "content_type": 21, "object_id": "37", "object_repr": "Jardin d'hiver chauff\u00e9 (Nouvelle construction)", "action_flag": 1, "change_message": "[{\"added\": {}}]"}}, {"model": "admin.logentry", "pk": 174, "fields": {"action_time": "2020-03-30T18:30:57.165Z", "user": 1, "content_type": 21, "object_id": "38", "object_repr": "Jardin d'hiver non chauff\u00e9 (D\u00e9molition)", "action_flag": 1, "change_message": "[{\"added\": {}}]"}}, {"model": "admin.logentry", "pk": 175, "fields": {"action_time": "2020-03-30T18:31:05.366Z", "user": 1, "content_type": 21, "object_id": "39", "object_repr": "Jardin d'hiver non chauff\u00e9 (Nouvelle construction)", "action_flag": 1, "change_message": "[{\"added\": {}}]"}}, {"model": "admin.logentry", "pk": 176, "fields": {"action_time": "2020-03-30T18:31:27.582Z", "user": 1, "content_type": 21, "object_id": "40", "object_repr": "Elargissement d'ouvertures en fa\u00e7ade (Transformation, r\u00e9novation, agrandissement)", "action_flag": 1, "change_message": "[{\"added\": {}}]"}}, {"model": "admin.logentry", "pk": 177, "fields": {"action_time": "2020-03-30T18:31:47.335Z", "user": 1, "content_type": 21, "object_id": "41", "object_repr": "Barbecues, fours \u00e0 pains ou pizza (D\u00e9molition)", "action_flag": 1, "change_message": "[{\"added\": {}}]"}}, {"model": "admin.logentry", "pk": 178, "fields": {"action_time": "2020-03-30T18:32:00.539Z", "user": 1, "content_type": 21, "object_id": "42", "object_repr": "Barbecues, fours \u00e0 pains ou pizza (Nouvelle construction)", "action_flag": 1, "change_message": "[{\"added\": {}}]"}}, {"model": "admin.logentry", "pk": 179, "fields": {"action_time": "2020-03-30T18:32:17.747Z", "user": 1, "content_type": 21, "object_id": "43", "object_repr": "Cl\u00f4tures, palissades ou murs jusqu'\u00e0 2m de haut (D\u00e9molition)", "action_flag": 1, "change_message": "[{\"added\": {}}]"}}, {"model": "admin.logentry", "pk": 180, "fields": {"action_time": "2020-03-30T18:32:28.353Z", "user": 1, "content_type": 21, "object_id": "44", "object_repr": "Cl\u00f4tures, palissades ou murs jusqu'\u00e0 2m de haut (Nouvelle construction)", "action_flag": 1, "change_message": "[{\"added\": {}}]"}}, {"model": "admin.logentry", "pk": 181, "fields": {"action_time": "2020-03-30T18:32:42.883Z", "user": 1, "content_type": 21, "object_id": "45", "object_repr": "Panneaux solaires en toiture, au sol ou en fa\u00e7ade (D\u00e9molition)", "action_flag": 1, "change_message": "[{\"added\": {}}]"}}, {"model": "admin.logentry", "pk": 182, "fields": {"action_time": "2020-03-30T18:33:04.077Z", "user": 1, "content_type": 21, "object_id": "46", "object_repr": "Panneaux solaires en toiture, au sol ou en fa\u00e7ade (Nouvelle construction)", "action_flag": 1, "change_message": "[{\"added\": {}}]"}}, {"model": "admin.logentry", "pk": 183, "fields": {"action_time": "2020-03-30T18:33:15.871Z", "user": 1, "content_type": 21, "object_id": "47", "object_repr": "Panneaux solaires en toiture, au sol ou en fa\u00e7ade (Transformation, r\u00e9novation, agrandissement)", "action_flag": 1, "change_message": "[{\"added\": {}}]"}}, {"model": "admin.logentry", "pk": 184, "fields": {"action_time": "2020-03-30T18:33:53.320Z", "user": 1, "content_type": 21, "object_id": "48", "object_repr": "Avant-toits (Transformation, r\u00e9novation, agrandissement)", "action_flag": 1, "change_message": "[{\"added\": {}}]"}}, {"model": "admin.logentry", "pk": 185, "fields": {"action_time": "2020-03-30T18:34:10.669Z", "user": 1, "content_type": 21, "object_id": "49", "object_repr": "Avant-toits (D\u00e9molition)", "action_flag": 1, "change_message": "[{\"added\": {}}]"}}, {"model": "admin.logentry", "pk": 186, "fields": {"action_time": "2020-03-30T18:34:26.150Z", "user": 1, "content_type": 21, "object_id": "50", "object_repr": "Avant-toits (Nouvelle construction)", "action_flag": 1, "change_message": "[{\"added\": {}}]"}}, {"model": "admin.logentry", "pk": 187, "fields": {"action_time": "2020-03-30T18:34:44.193Z", "user": 1, "content_type": 21, "object_id": "51", "object_repr": "Balcons (D\u00e9molition)", "action_flag": 1, "change_message": "[{\"added\": {}}]"}}, {"model": "admin.logentry", "pk": 188, "fields": {"action_time": "2020-03-30T18:34:54.223Z", "user": 1, "content_type": 21, "object_id": "52", "object_repr": "Balcons (Nouvelle construction)", "action_flag": 1, "change_message": "[{\"added\": {}}]"}}, {"model": "admin.logentry", "pk": 189, "fields": {"action_time": "2020-03-30T18:35:02.280Z", "user": 1, "content_type": 21, "object_id": "53", "object_repr": "Balcons (Transformation, r\u00e9novation, agrandissement)", "action_flag": 1, "change_message": "[{\"added\": {}}]"}}, {"model": "admin.logentry", "pk": 190, "fields": {"action_time": "2020-03-30T18:35:22.682Z", "user": 1, "content_type": 21, "object_id": "54", "object_repr": "Rampes d'acc\u00e8s ou terrasses (D\u00e9molition)", "action_flag": 1, "change_message": "[{\"added\": {}}]"}}, {"model": "admin.logentry", "pk": 191, "fields": {"action_time": "2020-03-30T18:35:33.757Z", "user": 1, "content_type": 21, "object_id": "55", "object_repr": "Rampes d'acc\u00e8s ou terrasses (Nouvelle construction)", "action_flag": 1, "change_message": "[{\"added\": {}}]"}}, {"model": "admin.logentry", "pk": 192, "fields": {"action_time": "2020-03-30T18:35:47.388Z", "user": 1, "content_type": 21, "object_id": "56", "object_repr": "Rampes d'acc\u00e8s ou terrasses (Transformation, r\u00e9novation, agrandissement)", "action_flag": 1, "change_message": "[{\"added\": {}}]"}}, {"model": "admin.logentry", "pk": 193, "fields": {"action_time": "2020-03-30T18:36:06.222Z", "user": 1, "content_type": 21, "object_id": "57", "object_repr": "Terrassement jusqu'\u00e0 1m de hauteur ou 20m\u00b3 (Modification du terrain)", "action_flag": 1, "change_message": "[{\"added\": {}}]"}}, {"model": "admin.logentry", "pk": 194, "fields": {"action_time": "2020-03-30T18:36:26.436Z", "user": 1, "content_type": 21, "object_id": "58", "object_repr": "Piscines hors-sol d\u00e9montables (D\u00e9molition)", "action_flag": 1, "change_message": "[{\"added\": {}}]"}}, {"model": "admin.logentry", "pk": 195, "fields": {"action_time": "2020-03-30T18:36:38.290Z", "user": 1, "content_type": 21, "object_id": "59", "object_repr": "Piscines hors-sol d\u00e9montables (Nouvelle construction)", "action_flag": 1, "change_message": "[{\"added\": {}}]"}}, {"model": "admin.logentry", "pk": 196, "fields": {"action_time": "2020-03-30T18:36:53.218Z", "user": 1, "content_type": 21, "object_id": "60", "object_repr": "Jacuzzis jusqu' 5m\u00b3 (D\u00e9molition)", "action_flag": 1, "change_message": "[{\"added\": {}}]"}}, {"model": "admin.logentry", "pk": 197, "fields": {"action_time": "2020-03-30T18:37:12.997Z", "user": 1, "content_type": 21, "object_id": "61", "object_repr": "Jacuzzis jusqu' 5m\u00b3 (Nouvelle construction)", "action_flag": 1, "change_message": "[{\"added\": {}}]"}}, {"model": "admin.logentry", "pk": 198, "fields": {"action_time": "2020-03-30T18:37:32.096Z", "user": 1, "content_type": 21, "object_id": "62", "object_repr": "Pompes \u00e0 chaleur air-eau (D\u00e9molition)", "action_flag": 1, "change_message": "[{\"added\": {}}]"}}, {"model": "admin.logentry", "pk": 199, "fields": {"action_time": "2020-03-30T18:37:42.878Z", "user": 1, "content_type": 21, "object_id": "63", "object_repr": "Pompes \u00e0 chaleur air-eau (Nouvelle construction)", "action_flag": 1, "change_message": "[{\"added\": {}}]"}}, {"model": "admin.logentry", "pk": 200, "fields": {"action_time": "2020-03-30T18:37:54.903Z", "user": 1, "content_type": 21, "object_id": "64", "object_repr": "Pompes \u00e0 chaleur air-eau (Transformation, r\u00e9novation, agrandissement)", "action_flag": 1, "change_message": "[{\"added\": {}}]"}}, {"model": "admin.logentry", "pk": 201, "fields": {"action_time": "2020-03-30T18:38:11.410Z", "user": 1, "content_type": 21, "object_id": "65", "object_repr": "Pompes \u00e0 chaleur ou sondes g\u00e9othermiques (D\u00e9molition)", "action_flag": 1, "change_message": "[{\"added\": {}}]"}}, {"model": "admin.logentry", "pk": 202, "fields": {"action_time": "2020-03-30T18:38:21.910Z", "user": 1, "content_type": 21, "object_id": "66", "object_repr": "Pompes \u00e0 chaleur ou sondes g\u00e9othermiques (Nouvelle construction)", "action_flag": 1, "change_message": "[{\"added\": {}}]"}}, {"model": "admin.logentry", "pk": 203, "fields": {"action_time": "2020-03-30T18:38:31.922Z", "user": 1, "content_type": 21, "object_id": "67", "object_repr": "Pompes \u00e0 chaleur ou sondes g\u00e9othermiques (Transformation, r\u00e9novation, agrandissement)", "action_flag": 1, "change_message": "[{\"added\": {}}]"}}, {"model": "admin.logentry", "pk": 204, "fields": {"action_time": "2020-03-30T18:38:47.471Z", "user": 1, "content_type": 21, "object_id": "68", "object_repr": "B\u00fbchers (D\u00e9molition)", "action_flag": 1, "change_message": "[{\"added\": {}}]"}}, {"model": "admin.logentry", "pk": 205, "fields": {"action_time": "2020-03-30T18:38:57.767Z", "user": 1, "content_type": 21, "object_id": "69", "object_repr": "B\u00fbchers (Nouvelle construction)", "action_flag": 1, "change_message": "[{\"added\": {}}]"}}, {"model": "admin.logentry", "pk": 206, "fields": {"action_time": "2020-03-30T18:39:09.417Z", "user": 1, "content_type": 21, "object_id": "70", "object_repr": "B\u00fbchers (Transformation, r\u00e9novation, agrandissement)", "action_flag": 1, "change_message": "[{\"added\": {}}]"}}, {"model": "admin.logentry", "pk": 207, "fields": {"action_time": "2020-03-30T18:39:29.249Z", "user": 1, "content_type": 21, "object_id": "71", "object_repr": "Cabanes de jardin (D\u00e9molition)", "action_flag": 1, "change_message": "[{\"added\": {}}]"}}, {"model": "admin.logentry", "pk": 208, "fields": {"action_time": "2020-03-30T18:39:38.064Z", "user": 1, "content_type": 21, "object_id": "72", "object_repr": "Cabanes de jardin (Nouvelle construction)", "action_flag": 1, "change_message": "[{\"added\": {}}]"}}, {"model": "admin.logentry", "pk": 209, "fields": {"action_time": "2020-03-30T18:39:46.529Z", "user": 1, "content_type": 21, "object_id": "73", "object_repr": "Cabanes de jardin (Transformation, r\u00e9novation, agrandissement)", "action_flag": 1, "change_message": "[{\"added\": {}}]"}}, {"model": "admin.logentry", "pk": 210, "fields": {"action_time": "2020-03-30T18:40:04.559Z", "user": 1, "content_type": 21, "object_id": "74", "object_repr": "Serres jusqu'\u00e0 16m\u00b2 (D\u00e9molition)", "action_flag": 1, "change_message": "[{\"added\": {}}]"}}, {"model": "admin.logentry", "pk": 211, "fields": {"action_time": "2020-03-30T18:40:14.817Z", "user": 1, "content_type": 21, "object_id": "75", "object_repr": "Serres jusqu'\u00e0 16m\u00b2 (Nouvelle construction)", "action_flag": 1, "change_message": "[{\"added\": {}}]"}}, {"model": "admin.logentry", "pk": 212, "fields": {"action_time": "2020-03-30T18:40:23.237Z", "user": 1, "content_type": 21, "object_id": "76", "object_repr": "Serres jusqu'\u00e0 16m\u00b2 (Transformation, r\u00e9novation, agrandissement)", "action_flag": 1, "change_message": "[{\"added\": {}}]"}}, {"model": "admin.logentry", "pk": 213, "fields": {"action_time": "2020-03-30T18:40:38.222Z", "user": 1, "content_type": 21, "object_id": "77", "object_repr": "Chemin\u00e9es ou conduits de chemin\u00e9e (D\u00e9molition)", "action_flag": 1, "change_message": "[{\"added\": {}}]"}}, {"model": "admin.logentry", "pk": 214, "fields": {"action_time": "2020-03-30T18:40:52.512Z", "user": 1, "content_type": 21, "object_id": "78", "object_repr": "Chemin\u00e9es ou conduits de chemin\u00e9e (Nouvelle construction)", "action_flag": 1, "change_message": "[{\"added\": {}}]"}}, {"model": "admin.logentry", "pk": 215, "fields": {"action_time": "2020-03-30T18:41:01.568Z", "user": 1, "content_type": 21, "object_id": "79", "object_repr": "Chemin\u00e9es ou conduits de chemin\u00e9e (Transformation, r\u00e9novation, agrandissement)", "action_flag": 1, "change_message": "[{\"added\": {}}]"}}, {"model": "admin.logentry", "pk": 216, "fields": {"action_time": "2020-03-30T18:41:16.802Z", "user": 1, "content_type": 21, "object_id": "80", "object_repr": "Poulaillers jusqu'\u00e0 2m\u00b2 (D\u00e9molition)", "action_flag": 1, "change_message": "[{\"added\": {}}]"}}, {"model": "admin.logentry", "pk": 217, "fields": {"action_time": "2020-03-30T18:41:25.016Z", "user": 1, "content_type": 21, "object_id": "81", "object_repr": "Poulaillers jusqu'\u00e0 2m\u00b2 (Nouvelle construction)", "action_flag": 1, "change_message": "[{\"added\": {}}]"}}, {"model": "admin.logentry", "pk": 218, "fields": {"action_time": "2020-03-30T18:41:35.931Z", "user": 1, "content_type": 21, "object_id": "82", "object_repr": "Poulaillers jusqu'\u00e0 2m\u00b2 (Transformation, r\u00e9novation, agrandissement)", "action_flag": 1, "change_message": "[{\"added\": {}}]"}}, {"model": "admin.logentry", "pk": 219, "fields": {"action_time": "2020-03-30T18:42:28.037Z", "user": 1, "content_type": 21, "object_id": "83", "object_repr": "Arbres dont le diam\u00e8tre est \u00e9gal ou sup\u00e9rieur \u00e0 30cm \u00e0 130cm mesur\u00e9 au-dessus du terrain (Abattage d'arbre)", "action_flag": 1, "change_message": "[{\"added\": {}}]"}}, {"model": "admin.logentry", "pk": 220, "fields": {"action_time": "2020-03-30T18:43:47.104Z", "user": 1, "content_type": 24, "object_id": "4", "object_repr": "Le projet concerne la d\u00e9tention ou la garde d'animaux", "action_flag": 3, "change_message": ""}}, {"model": "admin.logentry", "pk": 221, "fields": {"action_time": "2020-03-30T18:43:47.108Z", "user": 1, "content_type": 24, "object_id": "3", "object_repr": "Plan", "action_flag": 3, "change_message": ""}}, {"model": "admin.logentry", "pk": 222, "fields": {"action_time": "2020-03-30T18:43:47.111Z", "user": 1, "content_type": 24, "object_id": "2", "object_repr": "Surface totale", "action_flag": 3, "change_message": ""}}, {"model": "admin.logentry", "pk": 223, "fields": {"action_time": "2020-03-30T18:43:47.115Z", "user": 1, "content_type": 24, "object_id": "1", "object_repr": "Hauteur (m\u00e8tres)", "action_flag": 3, "change_message": ""}}, {"model": "admin.logentry", "pk": 224, "fields": {"action_time": "2020-03-30T18:45:42.392Z", "user": 1, "content_type": 24, "object_id": "5", "object_repr": "Dur\u00e9e des travaux indicative", "action_flag": 1, "change_message": "[{\"added\": {}}]"}}, {"model": "admin.logentry", "pk": 225, "fields": {"action_time": "2020-03-30T18:49:13.069Z", "user": 1, "content_type": 24, "object_id": "6", "object_repr": "Longueur", "action_flag": 1, "change_message": "[{\"added\": {}}]"}}, {"model": "admin.logentry", "pk": 226, "fields": {"action_time": "2020-03-30T18:50:39.186Z", "user": 1, "content_type": 24, "object_id": "7", "object_repr": "Hauteur", "action_flag": 1, "change_message": "[{\"added\": {}}]"}}, {"model": "admin.logentry", "pk": 227, "fields": {"action_time": "2020-03-30T18:53:10.928Z", "user": 1, "content_type": 24, "object_id": "8", "object_repr": "Largeur", "action_flag": 1, "change_message": "[{\"added\": {}}]"}}, {"model": "admin.logentry", "pk": 228, "fields": {"action_time": "2020-03-30T18:54:34.070Z", "user": 1, "content_type": 24, "object_id": "9", "object_repr": "Volume", "action_flag": 1, "change_message": "[{\"added\": {}}]"}}, {"model": "admin.logentry", "pk": 229, "fields": {"action_time": "2020-03-30T18:54:54.274Z", "user": 1, "content_type": 24, "object_id": "8", "object_repr": "Largeur", "action_flag": 2, "change_message": "[{\"changed\": {\"fields\": [\"is_mandatory\"]}}]"}}, {"model": "admin.logentry", "pk": 230, "fields": {"action_time": "2020-03-30T18:56:42.594Z", "user": 1, "content_type": 24, "object_id": "10", "object_repr": "Distance aux limites [m]", "action_flag": 1, "change_message": "[{\"added\": {}}]"}}, {"model": "admin.logentry", "pk": 231, "fields": {"action_time": "2020-03-30T18:57:57.727Z", "user": 1, "content_type": 24, "object_id": "11", "object_repr": "Type de toiture", "action_flag": 1, "change_message": "[{\"added\": {}}]"}}, {"model": "admin.logentry", "pk": 232, "fields": {"action_time": "2020-03-30T18:59:12.613Z", "user": 1, "content_type": 24, "object_id": "12", "object_repr": "Type de couverture", "action_flag": 1, "change_message": "[{\"added\": {}}]"}}, {"model": "admin.logentry", "pk": 233, "fields": {"action_time": "2020-03-30T19:01:56.952Z", "user": 1, "content_type": 24, "object_id": "13", "object_repr": "Plan de situation", "action_flag": 1, "change_message": "[{\"added\": {}}]"}}, {"model": "admin.logentry", "pk": 234, "fields": {"action_time": "2020-03-30T19:02:04.869Z", "user": 1, "content_type": 24, "object_id": "9", "object_repr": "Volume [m3]", "action_flag": 2, "change_message": "[{\"changed\": {\"fields\": [\"name\"]}}]"}}, {"model": "admin.logentry", "pk": 235, "fields": {"action_time": "2020-03-30T19:02:12.335Z", "user": 1, "content_type": 24, "object_id": "8", "object_repr": "Largeur [m]", "action_flag": 2, "change_message": "[{\"changed\": {\"fields\": [\"name\"]}}]"}}, {"model": "admin.logentry", "pk": 236, "fields": {"action_time": "2020-03-30T19:02:20.253Z", "user": 1, "content_type": 24, "object_id": "7", "object_repr": "Hauteur [m]", "action_flag": 2, "change_message": "[{\"changed\": {\"fields\": [\"name\"]}}]"}}, {"model": "admin.logentry", "pk": 237, "fields": {"action_time": "2020-03-30T19:02:28.426Z", "user": 1, "content_type": 24, "object_id": "6", "object_repr": "Longueur [m]", "action_flag": 2, "change_message": "[{\"changed\": {\"fields\": [\"name\"]}}]"}}, {"model": "admin.logentry", "pk": 238, "fields": {"action_time": "2020-03-30T19:04:51.745Z", "user": 1, "content_type": 17, "object_id": "1", "object_repr": "D\u00e9mo Yverdon", "action_flag": 2, "change_message": "[{\"changed\": {\"fields\": [\"name\", \"geom\"]}}]"}}, {"model": "admin.logentry", "pk": 239, "fields": {"action_time": "2020-03-30T19:05:01.070Z", "user": 1, "content_type": 17, "object_id": "2", "object_repr": "D\u00e9mo Grandson", "action_flag": 2, "change_message": "[{\"changed\": {\"fields\": [\"name\", \"geom\"]}}]"}}, {"model": "admin.logentry", "pk": 240, "fields": {"action_time": "2020-03-30T19:08:32.963Z", "user": 1, "content_type": 27, "object_id": "9", "object_repr": "Popri\u00e9taire (Nouvelle construction)", "action_flag": 1, "change_message": "[{\"added\": {}}]"}}, {"model": "admin.logentry", "pk": 241, "fields": {"action_time": "2020-03-30T19:08:39.719Z", "user": 1, "content_type": 27, "object_id": "10", "object_repr": "Entreprise (D\u00e9molition)", "action_flag": 1, "change_message": "[{\"added\": {}}]"}}, {"model": "admin.logentry", "pk": 242, "fields": {"action_time": "2020-03-30T19:08:47.965Z", "user": 1, "content_type": 27, "object_id": "1", "object_repr": "Entreprise (D\u00e9molition)", "action_flag": 3, "change_message": ""}}, {"model": "admin.logentry", "pk": 243, "fields": {"action_time": "2020-03-30T19:09:08.331Z", "user": 1, "content_type": 27, "object_id": "10", "object_repr": "Entreprise (D\u00e9molition)", "action_flag": 3, "change_message": ""}}, {"model": "admin.logentry", "pk": 244, "fields": {"action_time": "2020-03-30T19:09:08.336Z", "user": 1, "content_type": 27, "object_id": "9", "object_repr": "Popri\u00e9taire (Nouvelle construction)", "action_flag": 3, "change_message": ""}}, {"model": "admin.logentry", "pk": 245, "fields": {"action_time": "2020-03-30T19:09:08.340Z", "user": 1, "content_type": 27, "object_id": "8", "object_repr": "Entreprise (Chantier sur domaine public (fouille, d\u00e9p\u00f4t,...))", "action_flag": 3, "change_message": ""}}, {"model": "admin.logentry", "pk": 246, "fields": {"action_time": "2020-03-30T19:09:08.344Z", "user": 1, "content_type": 27, "object_id": "4", "object_repr": "Ma\u00eetre d'ouvrage (Chantier sur domaine public (fouille, d\u00e9p\u00f4t,...))", "action_flag": 3, "change_message": ""}}, {"model": "admin.logentry", "pk": 247, "fields": {"action_time": "2020-03-30T19:09:08.347Z", "user": 1, "content_type": 27, "object_id": "3", "object_repr": "Entreprise (Chantier sur domaine public (fouille, d\u00e9p\u00f4t,...))", "action_flag": 3, "change_message": ""}}, {"model": "admin.logentry", "pk": 248, "fields": {"action_time": "2020-03-30T19:09:08.351Z", "user": 1, "content_type": 27, "object_id": "2", "object_repr": "Ma\u00eetre d'ouvrage (D\u00e9molition)", "action_flag": 3, "change_message": ""}}, {"model": "admin.logentry", "pk": 249, "fields": {"action_time": "2020-03-30T19:09:14.787Z", "user": 1, "content_type": 27, "object_id": "11", "object_repr": "Popri\u00e9taire (D\u00e9molition)", "action_flag": 1, "change_message": "[{\"added\": {}}]"}}, {"model": "admin.logentry", "pk": 250, "fields": {"action_time": "2020-03-30T19:09:22.267Z", "user": 1, "content_type": 27, "object_id": "12", "object_repr": "Popri\u00e9taire (Nouvelle construction)", "action_flag": 1, "change_message": "[{\"added\": {}}]"}}, {"model": "admin.logentry", "pk": 251, "fields": {"action_time": "2020-03-30T19:09:32.846Z", "user": 1, "content_type": 27, "object_id": "13", "object_repr": "Popri\u00e9taire (Mise en conformit\u00e9)", "action_flag": 1, "change_message": "[{\"added\": {}}]"}}, {"model": "admin.logentry", "pk": 252, "fields": {"action_time": "2020-03-30T19:09:40.031Z", "user": 1, "content_type": 27, "object_id": "14", "object_repr": "Popri\u00e9taire (Transformation, r\u00e9novation, agrandissement)", "action_flag": 1, "change_message": "[{\"added\": {}}]"}}, {"model": "admin.logentry", "pk": 253, "fields": {"action_time": "2020-03-30T19:09:49.977Z", "user": 1, "content_type": 27, "object_id": "15", "object_repr": "Popri\u00e9taire (Modification du terrain)", "action_flag": 1, "change_message": "[{\"added\": {}}]"}}, {"model": "admin.logentry", "pk": 254, "fields": {"action_time": "2020-03-30T19:10:00.737Z", "user": 1, "content_type": 27, "object_id": "16", "object_repr": "Popri\u00e9taire (Abattage d'arbre)", "action_flag": 1, "change_message": "[{\"added\": {}}]"}}, {"model": "admin.logentry", "pk": 255, "fields": {"action_time": "2020-03-30T19:10:17.427Z", "user": 1, "content_type": 27, "object_id": "17", "object_repr": "S\u00e9curit\u00e9 (\u00c9v\u00e9nement sur domaine public (Culturel, sportif, ...))", "action_flag": 1, "change_message": "[{\"added\": {}}]"}}, {"model": "admin.logentry", "pk": 256, "fields": {"action_time": "2020-03-30T19:10:24.654Z", "user": 1, "content_type": 27, "object_id": "18", "object_repr": "Association (\u00c9v\u00e9nement sur domaine public (Culturel, sportif, ...))", "action_flag": 1, "change_message": "[{\"added\": {}}]"}}, {"model": "admin.logentry", "pk": 257, "fields": {"action_time": "2020-03-30T19:10:46.685Z", "user": 1, "content_type": 27, "object_id": "19", "object_repr": "Entreprise (Chantier sur domaine public (fouille, d\u00e9p\u00f4t,...))", "action_flag": 1, "change_message": "[{\"added\": {}}]"}}, {"model": "admin.logentry", "pk": 258, "fields": {"action_time": "2020-03-30T19:10:59.269Z", "user": 1, "content_type": 27, "object_id": "20", "object_repr": "Entreprise (Nouvelle construction)", "action_flag": 1, "change_message": "[{\"added\": {}}]"}}, {"model": "admin.logentry", "pk": 259, "fields": {"action_time": "2020-03-30T19:11:16.669Z", "user": 1, "content_type": 27, "object_id": "21", "object_repr": "Entreprise (Modification du terrain)", "action_flag": 1, "change_message": "[{\"added\": {}}]"}}, {"model": "admin.logentry", "pk": 260, "fields": {"action_time": "2020-03-30T19:11:30.806Z", "user": 1, "content_type": 27, "object_id": "20", "object_repr": "Entreprise (Nouvelle construction)", "action_flag": 3, "change_message": ""}}, {"model": "admin.logentry", "pk": 261, "fields": {"action_time": "2020-03-30T19:11:46.789Z", "user": 1, "content_type": 27, "object_id": "22", "object_repr": "Ma\u00eetre d'ouvrage (Chantier sur domaine public (fouille, d\u00e9p\u00f4t,...))", "action_flag": 1, "change_message": "[{\"added\": {}}]"}}, {"model": "admin.logentry", "pk": 262, "fields": {"action_time": "2020-03-30T19:13:25.677Z", "user": 1, "content_type": 27, "object_id": "23", "object_repr": "Entreprise (Transformation, r\u00e9novation, agrandissement)", "action_flag": 1, "change_message": "[{\"added\": {}}]"}}]