[{"model": "contenttypes.contenttype", "pk": 1, "fields": {"app_label": "admin", "model": "logentry"}}, {"model": "contenttypes.contenttype", "pk": 2, "fields": {"app_label": "auth", "model": "permission"}}, {"model": "contenttypes.contenttype", "pk": 3, "fields": {"app_label": "auth", "model": "group"}}, {"model": "contenttypes.contenttype", "pk": 4, "fields": {"app_label": "auth", "model": "user"}}, {"model": "contenttypes.contenttype", "pk": 5, "fields": {"app_label": "contenttypes", "model": "contenttype"}}, {"model": "contenttypes.contenttype", "pk": 6, "fields": {"app_label": "sessions", "model": "session"}}, {"model": "contenttypes.contenttype", "pk": 7, "fields": {"app_label": "gpf", "model": "actor"}}, {"model": "contenttypes.contenttype", "pk": 8, "fields": {"app_label": "gpf", "model": "archelogy"}}, {"model": "contenttypes.contenttype", "pk": 9, "fields": {"app_label": "gpf", "model": "creditortype"}}, {"model": "contenttypes.contenttype", "pk": 10, "fields": {"app_label": "gpf", "model": "department"}}, {"model": "contenttypes.contenttype", "pk": 11, "fields": {"app_label": "gpf", "model": "document"}}, {"model": "contenttypes.contenttype", "pk": 12, "fields": {"app_label": "gpf", "model": "permitrequest"}}, {"model": "contenttypes.contenttype", "pk": 13, "fields": {"app_label": "gpf", "model": "sitetype"}}, {"model": "contenttypes.contenttype", "pk": 14, "fields": {"app_label": "gpf", "model": "validation"}}, {"model": "contenttypes.contenttype", "pk": 15, "fields": {"app_label": "gpf", "model": "mail"}}, {"model": "contenttypes.contenttype", "pk": 16, "fields": {"app_label": "gpf", "model": "archeotype"}}, {"model": "contenttypes.contenttype", "pk": 17, "fields": {"app_label": "gpf", "model": "administrativeentity"}}, {"model": "contenttypes.contenttype", "pk": 18, "fields": {"app_label": "gpf", "model": "validationcommentsample"}}, {"model": "contenttypes.contenttype", "pk": 19, "fields": {"app_label": "permits", "model": "permitrequest"}}, {"model": "contenttypes.contenttype", "pk": 20, "fields": {"app_label": "permits", "model": "worksobject"}}, {"model": "contenttypes.contenttype", "pk": 21, "fields": {"app_label": "permits", "model": "worksobjecttype"}}, {"model": "contenttypes.contenttype", "pk": 22, "fields": {"app_label": "permits", "model": "workstype"}}, {"model": "contenttypes.contenttype", "pk": 23, "fields": {"app_label": "permits", "model": "worksobjecttypechoice"}}, {"model": "contenttypes.contenttype", "pk": 24, "fields": {"app_label": "permits", "model": "worksobjectproperty"}}, {"model": "contenttypes.contenttype", "pk": 25, "fields": {"app_label": "permits", "model": "worksobjectpropertyvalue"}}, {"model": "contenttypes.contenttype", "pk": 26, "fields": {"app_label": "permits", "model": "permitrequestactor"}}, {"model": "contenttypes.contenttype", "pk": 27, "fields": {"app_label": "permits", "model": "permitactortype"}}, {"model": "sessions.session", "pk": "00jyhzcr7y0yzojxcxxf231myyariej9", "fields": {"session_data": "ZTQ5ZWE4MTM3NzQ2MjUwOTk4MjNmMmQ2NjZlMTliMDgyNmUzZDRhZjp7Il9hdXRoX3VzZXJfaWQiOiIxIiwiX2F1dGhfdXNlcl9iYWNrZW5kIjoiZGphbmdvLmNvbnRyaWIuYXV0aC5iYWNrZW5kcy5Nb2RlbEJhY2tlbmQiLCJfYXV0aF91c2VyX2hhc2giOiJmYmRlMWEyZWVkNTEwYzgyMmUzYWFlMmI0NzhhYjI1MWJkZDIxNWUwIn0=", "expire_date": "2020-01-02T08:19:59.114Z"}}, {"model": "sessions.session", "pk": "1dicwn4vmm8oy46y2w43dzzhayz0763g", "fields": {"session_data": "MTI5OGYwMjQ4MzQ5ZjYzMzE2ZGRlMjE2YWY2MWI4YzRmMDhkY2MxNzp7Il9hdXRoX3VzZXJfaWQiOiIxIiwiX2F1dGhfdXNlcl9iYWNrZW5kIjoiZGphbmdvLmNvbnRyaWIuYXV0aC5iYWNrZW5kcy5Nb2RlbEJhY2tlbmQiLCJfYXV0aF91c2VyX2hhc2giOiJhZjY4ODE1NzRiM2ExNWU3MTlmMmMyNDJmZjJkOWViY2M5ODQxOGZjIn0=", "expire_date": "2020-02-12T13:00:51.441Z"}}, {"model": "sessions.session", "pk": "220hll40xkcdfdwfh2owoubhe5czg9ya", "fields": {"session_data": "MTI5OGYwMjQ4MzQ5ZjYzMzE2ZGRlMjE2YWY2MWI4YzRmMDhkY2MxNzp7Il9hdXRoX3VzZXJfaWQiOiIxIiwiX2F1dGhfdXNlcl9iYWNrZW5kIjoiZGphbmdvLmNvbnRyaWIuYXV0aC5iYWNrZW5kcy5Nb2RlbEJhY2tlbmQiLCJfYXV0aF91c2VyX2hhc2giOiJhZjY4ODE1NzRiM2ExNWU3MTlmMmMyNDJmZjJkOWViY2M5ODQxOGZjIn0=", "expire_date": "2020-01-02T12:42:03.365Z"}}, {"model": "sessions.session", "pk": "adlnvjfex14aj67843pvxqt082dzta55", "fields": {"session_data": "MTI5OGYwMjQ4MzQ5ZjYzMzE2ZGRlMjE2YWY2MWI4YzRmMDhkY2MxNzp7Il9hdXRoX3VzZXJfaWQiOiIxIiwiX2F1dGhfdXNlcl9iYWNrZW5kIjoiZGphbmdvLmNvbnRyaWIuYXV0aC5iYWNrZW5kcy5Nb2RlbEJhY2tlbmQiLCJfYXV0aF91c2VyX2hhc2giOiJhZjY4ODE1NzRiM2ExNWU3MTlmMmMyNDJmZjJkOWViY2M5ODQxOGZjIn0=", "expire_date": "2020-01-02T12:49:19.648Z"}}, {"model": "sessions.session", "pk": "jn1y92ng5q7d014goz1fquq473r0f0vp", "fields": {"session_data": "MTI5OGYwMjQ4MzQ5ZjYzMzE2ZGRlMjE2YWY2MWI4YzRmMDhkY2MxNzp7Il9hdXRoX3VzZXJfaWQiOiIxIiwiX2F1dGhfdXNlcl9iYWNrZW5kIjoiZGphbmdvLmNvbnRyaWIuYXV0aC5iYWNrZW5kcy5Nb2RlbEJhY2tlbmQiLCJfYXV0aF91c2VyX2hhc2giOiJhZjY4ODE1NzRiM2ExNWU3MTlmMmMyNDJmZjJkOWViY2M5ODQxOGZjIn0=", "expire_date": "2020-01-30T08:26:23.886Z"}}, {"model": "sessions.session", "pk": "vbezfhz9uojnidtb5gaxj9q5neuxtn2j", "fields": {"session_data": "MTI5OGYwMjQ4MzQ5ZjYzMzE2ZGRlMjE2YWY2MWI4YzRmMDhkY2MxNzp7Il9hdXRoX3VzZXJfaWQiOiIxIiwiX2F1dGhfdXNlcl9iYWNrZW5kIjoiZGphbmdvLmNvbnRyaWIuYXV0aC5iYWNrZW5kcy5Nb2RlbEJhY2tlbmQiLCJfYXV0aF91c2VyX2hhc2giOiJhZjY4ODE1NzRiM2ExNWU3MTlmMmMyNDJmZjJkOWViY2M5ODQxOGZjIn0=", "expire_date": "2020-03-02T07:47:45.773Z"}}, {"model": "gpf.administrativeentity", "pk": 1, "fields": {"name": "Commune d\u00e9mo 1", "ofs_id": 1234, "geom": "SRID=2056;MULTIPOLYGON (((2538332.226621278 1177569.09680452, 2535438.053892213 1181678.290723518, 2537763.565120002 1183430.64694502, 2540069.903266584 1183407.081058217, 2541087.352728294 1180260.730266261, 2538332.226621278 1177569.09680452)))"}}, {"model": "gpf.administrativeentity", "pk": 2, "fields": {"name": "Commune d\u00e9mo 2", "ofs_id": 1235, "geom": "SRID=2056;MULTIPOLYGON (((2538942.354504819 1185926.313785936, 2536458.51679908 1188876.696649621, 2542774.851434849 1192153.334888307, 2546192.641862829 1188050.088715171, 2545133.608417094 1186806.411439222, 2538942.354504819 1185926.313785936)))"}}, {"model": "gpf.sitetype", "pk": 1, "fields": {"description": "Trottoir"}}, {"model": "gpf.sitetype", "pk": 2, "fields": {"description": "Chauss\u00e9e"}}, {"model": "gpf.creditortype", "pk": 1, "fields": {"name": "Entreprise"}}, {"model": "gpf.creditortype", "pk": 2, "fields": {"name": "Ma\u00eetre d'ouvrage"}}, {"model": "gpf.archeotype", "pk": 1, "fields": {"description": "Inconnue"}}, {"model": "gpf.archeotype", "pk": 2, "fields": {"description": "D\u00e9j\u00e0 fouill\u00e9"}}, {"model": "gpf.archeotype", "pk": 3, "fields": {"description": "Partiellement fouill\u00e9"}}, {"model": "gpf.archeotype", "pk": 4, "fields": {"description": "Pas fouill\u00e9"}}, {"model": "gpf.permitrequest", "pk": 1, "fields": {"amount": null, "paid": false, "validated": false, "sent": false, "ended": false, "date_start": "2019-12-21", "date_end": "2019-12-28", "date_effective_end": null, "length": "2.00", "width": "2.00", "road_marking_damaged": true, "is_green_area": false, "invoice_to": 1, "company": 2, "project_owner": 1, "administrative_entity": 1, "sitetype": 1, "description": "Demo", "has_archeology": false, "archeotype": null, "address": "Demo Adress 2", "zipcode": null, "city": null, "date_end_work": null, "date_end_work_announcement": null, "date_last_printed": null, "report_filename": null, "date_request_created": "2019-12-19", "geom": "SRID=2056;MULTIPOINT (2538961.079349356 1181060.518743775)"}}, {"model": "gpf.validation", "pk": 1, "fields": {"department": 2, "permitrequest": 1, "accepted": false, "comment": ""}}, {"model": "gpf.mail", "pk": 1, "fields": {"type": "permit_send", "recipients": "demomail@demodemo.demo", "subject": "Permis de fouille d\u00e9livr\u00e9", "body": "Demo message", "administrative_entity": 1}}, {"model": "gpf.mail", "pk": 2, "fields": {"type": "single_validation_remainder", "recipients": "none", "subject": "Un permis attend votre validation", "body": "Demo message", "administrative_entity": 1}}, {"model": "gpf.mail", "pk": 3, "fields": {"type": "daily_validation_remainder", "recipients": "none", "subject": "Une demande de permis attend votre validation", "body": "Demo message", "administrative_entity": 1}}, {"model": "gpf.mail", "pk": 4, "fields": {"type": "end_work_announcement", "recipients": "demomail@demodemo.demo", "subject": "Annonce de fin de travaux", "body": "Demo message", "administrative_entity": 1}}, {"model": "gpf.mail", "pk": 5, "fields": {"type": "new_permit", "recipients": "demomail@demodemo.demo", "subject": "Une nouvelle demande de permis de fouille a \u00e9t\u00e9 d\u00e9pos\u00e9e", "body": "Demo message", "administrative_entity": 1}}, {"model": "gpf.mail", "pk": 6, "fields": {"type": "permit_confirmation", "recipients": "demomail@demodemo.demo", "subject": "Nouvelle demande de permis de fouille", "body": "Demo message", "administrative_entity": 1}}, {"model": "permits.workstype", "pk": 1, "fields": {"type": 0, "name": "Transformation"}}, {"model": "permits.workstype", "pk": 2, "fields": {"type": 0, "name": "D\u00e9molition"}}, {"model": "permits.workstype", "pk": 4, "fields": {"type": 0, "name": "Modification du terrain"}}, {"model": "permits.workstype", "pk": 5, "fields": {"type": 0, "name": "Agrandissement"}}, {"model": "permits.workstype", "pk": 6, "fields": {"type": 0, "name": "Mise en conformit\u00e9"}}, {"model": "permits.workstype", "pk": 8, "fields": {"type": 0, "name": "Nouvelle construction"}}, {"model": "permits.workstype", "pk": 9, "fields": {"type": 0, "name": "Abattages"}}, {"model": "permits.worksobjecttype", "pk": 1, "fields": {"works_type": 1, "works_object": 2, "administrative_entities": [1]}}, {"model": "permits.worksobjecttype", "pk": 2, "fields": {"works_type": 1, "works_object": 3, "administrative_entities": [1]}}, {"model": "permits.worksobjecttype", "pk": 8, "fields": {"works_type": 8, "works_object": 4, "administrative_entities": [1]}}, {"model": "permits.worksobjecttype", "pk": 9, "fields": {"works_type": 8, "works_object": 10, "administrative_entities": [1]}}, {"model": "permits.worksobjecttype", "pk": 10, "fields": {"works_type": 8, "works_object": 11, "administrative_entities": [1]}}, {"model": "permits.worksobjecttype", "pk": 11, "fields": {"works_type": 8, "works_object": 12, "administrative_entities": [1]}}, {"model": "permits.worksobjecttype", "pk": 12, "fields": {"works_type": 8, "works_object": 13, "administrative_entities": [1]}}, {"model": "permits.worksobjecttype", "pk": 13, "fields": {"works_type": 8, "works_object": 14, "administrative_entities": [1]}}, {"model": "permits.worksobjecttype", "pk": 14, "fields": {"works_type": 8, "works_object": 15, "administrative_entities": [1]}}, {"model": "permits.worksobjecttype", "pk": 15, "fields": {"works_type": 8, "works_object": 17, "administrative_entities": [1]}}, {"model": "permits.worksobjecttype", "pk": 16, "fields": {"works_type": 8, "works_object": 18, "administrative_entities": [1]}}, {"model": "permits.worksobjecttype", "pk": 17, "fields": {"works_type": 8, "works_object": 19, "administrative_entities": [1]}}, {"model": "permits.worksobjecttype", "pk": 18, "fields": {"works_type": 8, "works_object": 20, "administrative_entities": [1]}}, {"model": "permits.worksobjecttype", "pk": 19, "fields": {"works_type": 8, "works_object": 21, "administrative_entities": [1]}}, {"model": "permits.worksobjecttype", "pk": 20, "fields": {"works_type": 6, "works_object": 22, "administrative_entities": [1]}}, {"model": "permits.worksobjecttype", "pk": 21, "fields": {"works_type": 8, "works_object": 25, "administrative_entities": [1]}}, {"model": "permits.worksobjecttype", "pk": 22, "fields": {"works_type": 8, "works_object": 26, "administrative_entities": [1]}}, {"model": "permits.worksobjecttype", "pk": 23, "fields": {"works_type": 8, "works_object": 27, "administrative_entities": [1]}}, {"model": "permits.worksobjecttype", "pk": 24, "fields": {"works_type": 8, "works_object": 31, "administrative_entities": [1]}}, {"model": "permits.worksobjecttype", "pk": 25, "fields": {"works_type": 8, "works_object": 32, "administrative_entities": [1]}}, {"model": "permits.worksobjecttype", "pk": 26, "fields": {"works_type": 9, "works_object": 33, "administrative_entities": [1]}}, {"model": "permits.worksobjecttype", "pk": 28, "fields": {"works_type": 1, "works_object": 5, "administrative_entities": [1]}}, {"model": "permits.worksobjecttype", "pk": 29, "fields": {"works_type": 1, "works_object": 9, "administrative_entities": [1]}}, {"model": "permits.worksobjecttype", "pk": 30, "fields": {"works_type": 1, "works_object": 16, "administrative_entities": [1]}}, {"model": "permits.worksobjecttype", "pk": 31, "fields": {"works_type": 1, "works_object": 7, "administrative_entities": [1]}}, {"model": "permits.worksobjecttype", "pk": 32, "fields": {"works_type": 2, "works_object": 21, "administrative_entities": [1]}}, {"model": "permits.worksobjecttype", "pk": 33, "fields": {"works_type": 2, "works_object": 22, "administrative_entities": [1]}}, {"model": "permits.worksobject", "pk": 1, "fields": {"name": "Rafra\u00eechissements int\u00e9rieurs"}}, {"model": "permits.worksobject", "pk": 2, "fields": {"name": "R\u00e9novations int\u00e9rieures"}}, {"model": "permits.worksobject", "pk": 3, "fields": {"name": "Teintes de fa\u00e7ades, de volets ou de stores"}}, {"model": "permits.worksobject", "pk": 4, "fields": {"name": "Construction provisoire et d\u00e9montable jusqu'\u00e0 3 mois"}}, {"model": "permits.worksobject", "pk": 5, "fields": {"name": "Redistribution int\u00e9rieures, sans changement d'affectation"}}, {"model": "permits.worksobject", "pk": 6, "fields": {"name": "Stores bannes en fa\u00e7ade ou au-dessus d'une vitrine d'un commerce ou d'un \u00e9tablissement public"}}, {"model": "permits.worksobject", "pk": 7, "fields": {"name": "Isolation p\u00e9riph\u00e9rique"}}, {"model": "permits.worksobject", "pk": 8, "fields": {"name": "Proc\u00e9d\u00e9s de r\u00e9clames (tous types d'enseignes)"}}, {"model": "permits.worksobject", "pk": 9, "fields": {"name": "Remplacement des fen\u00eatres et volets"}}, {"model": "permits.worksobject", "pk": 10, "fields": {"name": "Places de parc"}}, {"model": "permits.worksobject", "pk": 11, "fields": {"name": "Couverts jusqu'\u00e0 40m\u00b2"}}, {"model": "permits.worksobject", "pk": 12, "fields": {"name": "Pergolas jusqu'\u00e0 40m\u00b2"}}, {"model": "permits.worksobject", "pk": 13, "fields": {"name": "V\u00e9randa jusqu'\u00e0 40m\u00b2"}}, {"model": "permits.worksobject", "pk": 14, "fields": {"name": "Jardin d'hiver chauff\u00e9"}}, {"model": "permits.worksobject", "pk": 15, "fields": {"name": "Jardin d'hiver non chauff\u00e9"}}, {"model": "permits.worksobject", "pk": 16, "fields": {"name": "Elargissement d'ouvertures en fa\u00e7ade"}}, {"model": "permits.worksobject", "pk": 17, "fields": {"name": "Barbecues, fours \u00e0 pains ou pizza"}}, {"model": "permits.worksobject", "pk": 18, "fields": {"name": "Cl\u00f4tures, palissades ou murs jusqu'\u00e0 2m de haut"}}, {"model": "permits.worksobject", "pk": 19, "fields": {"name": "Panneaux solaires en toiture, au sol ou en fa\u00e7ade"}}, {"model": "permits.worksobject", "pk": 20, "fields": {"name": "Avant-toits"}}, {"model": "permits.worksobject", "pk": 21, "fields": {"name": "Balcons"}}, {"model": "permits.worksobject", "pk": 22, "fields": {"name": "Rampes d'acc\u00e8s ou terrasses"}}, {"model": "permits.worksobject", "pk": 23, "fields": {"name": "Terrassement jusqu'\u00e0 1m de hauteur ou 20m\u00b3"}}, {"model": "permits.worksobject", "pk": 24, "fields": {"name": "Piscines hors-sol d\u00e9montables"}}, {"model": "permits.worksobject", "pk": 25, "fields": {"name": "Jacuzzis jusqu' 5m\u00b3"}}, {"model": "permits.worksobject", "pk": 26, "fields": {"name": "Pompes \u00e0 chaleur air-eau"}}, {"model": "permits.worksobject", "pk": 27, "fields": {"name": "Pompes \u00e0 chaleur ou sondes g\u00e9othermiques"}}, {"model": "permits.worksobject", "pk": 28, "fields": {"name": "B\u00fbchers"}}, {"model": "permits.worksobject", "pk": 29, "fields": {"name": "Cabanes de jardin"}}, {"model": "permits.worksobject", "pk": 30, "fields": {"name": "Serres jusqu'\u00e0 16m\u00b2"}}, {"model": "permits.worksobject", "pk": 31, "fields": {"name": "Chemin\u00e9es ou conduits de chemin\u00e9e"}}, {"model": "permits.worksobject", "pk": 32, "fields": {"name": "Poulaillers jusqu'\u00e0 2m\u00b2"}}, {"model": "permits.worksobject", "pk": 33, "fields": {"name": "Arbres  dont le diam\u00e8tre est \u00e9gal ou sup\u00e9rieur \u00e0 30cm \u00e0 130cm mesur\u00e9 au-dessus du terrain"}}, {"model": "permits.worksobjectproperty", "pk": 1, "fields": {"name": "Hauteur [m]", "input_type": "number", "is_mandatory": true, "works_object_types": []}}, {"model": "permits.worksobjectproperty", "pk": 2, "fields": {"name": "Surface [m2]", "input_type": "number", "is_mandatory": true, "works_object_types": [1, 2]}}, {"model": "permits.worksobjectproperty", "pk": 3, "fields": {"name": "Document", "input_type": "file", "is_mandatory": true, "works_object_types": [1, 2]}}, {"model": "permits.worksobjectproperty", "pk": 5, "fields": {"name": "Description", "input_type": "text", "is_mandatory": false, "works_object_types": [1, 2, 8, 9, 10, 11, 12, 13, 14, 15, 16, 17, 18, 19, 20, 21, 22, 23, 24, 25, 26, 28, 29, 30, 31]}}, {"model": "permits.worksobjectproperty", "pk": 6, "fields": {"name": "Largeur [m]", "input_type": "number", "is_mandatory": false, "works_object_types": [9]}}, {"model": "permits.worksobjectproperty", "pk": 7, "fields": {"name": "Longueur [m]", "input_type": "number", "is_mandatory": true, "works_object_types": [9]}}, {"model": "permits.worksobjectproperty", "pk": 8, "fields": {"name": "Volume [m3]", "input_type": "number", "is_mandatory": true, "works_object_types": [21]}}, {"model": "permits.worksobjectproperty", "pk": 9, "fields": {"name": "Distance aux limites [m]", "input_type": "number", "is_mandatory": false, "works_object_types": [10]}}, {"model": "permits.worksobjectproperty", "pk": 10, "fields": {"name": "Type de toiture", "input_type": "text", "is_mandatory": true, "works_object_types": [12]}}, {"model": "permits.worksobjectproperty", "pk": 11, "fields": {"name": "Type de couverture", "input_type": "text", "is_mandatory": true, "works_object_types": [11]}}, {"model": "permits.worksobjectproperty", "pk": 12, "fields": {"name": "Mat\u00e9riau", "input_type": "text", "is_mandatory": true, "works_object_types": [16]}}, {"model": "permits.worksobjectproperty", "pk": 13, "fields": {"name": "Teinte (RAL-NCS)", "input_type": "text", "is_mandatory": true, "works_object_types": []}}, {"model": "permits.worksobjectproperty", "pk": 14, "fields": {"name": "Ann\u00e9e du b\u00e2timent", "input_type": "number", "is_mandatory": true, "works_object_types": [28, 29, 30, 31]}}, {"model": "permits.permitactortype", "pk": 2, "fields": {"type": 0, "is_mandatory": false, "works_type": 1}}, {"model": "permits.permitactortype", "pk": 3, "fields": {"type": 0, "is_mandatory": false, "works_type": 2}}, {"model": "permits.permitactortype", "pk": 4, "fields": {"type": 0, "is_mandatory": false, "works_type": 4}}, {"model": "permits.permitactortype", "pk": 5, "fields": {"type": 0, "is_mandatory": false, "works_type": 5}}, {"model": "permits.permitactortype", "pk": 6, "fields": {"type": 0, "is_mandatory": false, "works_type": 6}}, {"model": "permits.permitactortype", "pk": 7, "fields": {"type": 0, "is_mandatory": false, "works_type": 8}}, {"model": "permits.permitactortype", "pk": 8, "fields": {"type": 0, "is_mandatory": false, "works_type": 9}}, {"model": "permits.permitactortype", "pk": 9, "fields": {"type": 4, "is_mandatory": false, "works_type": 1}}, {"model": "permits.permitactortype", "pk": 10, "fields": {"type": 4, "is_mandatory": false, "works_type": 2}}, {"model": "permits.permitactortype", "pk": 11, "fields": {"type": 4, "is_mandatory": false, "works_type": 4}}, {"model": "permits.permitactortype", "pk": 12, "fields": {"type": 4, "is_mandatory": false, "works_type": 5}}, {"model": "permits.permitactortype", "pk": 13, "fields": {"type": 4, "is_mandatory": false, "works_type": 6}}, {"model": "permits.permitactortype", "pk": 14, "fields": {"type": 4, "is_mandatory": false, "works_type": 9}}, {"model": "auth.permission", "pk": 1, "fields": {"name": "Can add log entry", "content_type": 1, "codename": "add_logentry"}}, {"model": "auth.permission", "pk": 2, "fields": {"name": "Can change log entry", "content_type": 1, "codename": "change_logentry"}}, {"model": "auth.permission", "pk": 3, "fields": {"name": "Can delete log entry", "content_type": 1, "codename": "delete_logentry"}}, {"model": "auth.permission", "pk": 4, "fields": {"name": "Can view log entry", "content_type": 1, "codename": "view_logentry"}}, {"model": "auth.permission", "pk": 5, "fields": {"name": "Can add permission", "content_type": 2, "codename": "add_permission"}}, {"model": "auth.permission", "pk": 6, "fields": {"name": "Can change permission", "content_type": 2, "codename": "change_permission"}}, {"model": "auth.permission", "pk": 7, "fields": {"name": "Can delete permission", "content_type": 2, "codename": "delete_permission"}}, {"model": "auth.permission", "pk": 8, "fields": {"name": "Can view permission", "content_type": 2, "codename": "view_permission"}}, {"model": "auth.permission", "pk": 9, "fields": {"name": "Can add group", "content_type": 3, "codename": "add_group"}}, {"model": "auth.permission", "pk": 10, "fields": {"name": "Can change group", "content_type": 3, "codename": "change_group"}}, {"model": "auth.permission", "pk": 11, "fields": {"name": "Can delete group", "content_type": 3, "codename": "delete_group"}}, {"model": "auth.permission", "pk": 12, "fields": {"name": "Can view group", "content_type": 3, "codename": "view_group"}}, {"model": "auth.permission", "pk": 13, "fields": {"name": "Can add user", "content_type": 4, "codename": "add_user"}}, {"model": "auth.permission", "pk": 14, "fields": {"name": "Can change user", "content_type": 4, "codename": "change_user"}}, {"model": "auth.permission", "pk": 15, "fields": {"name": "Can delete user", "content_type": 4, "codename": "delete_user"}}, {"model": "auth.permission", "pk": 16, "fields": {"name": "Can view user", "content_type": 4, "codename": "view_user"}}, {"model": "auth.permission", "pk": 17, "fields": {"name": "Can add content type", "content_type": 5, "codename": "add_contenttype"}}, {"model": "auth.permission", "pk": 18, "fields": {"name": "Can change content type", "content_type": 5, "codename": "change_contenttype"}}, {"model": "auth.permission", "pk": 19, "fields": {"name": "Can delete content type", "content_type": 5, "codename": "delete_contenttype"}}, {"model": "auth.permission", "pk": 20, "fields": {"name": "Can view content type", "content_type": 5, "codename": "view_contenttype"}}, {"model": "auth.permission", "pk": 21, "fields": {"name": "Can add session", "content_type": 6, "codename": "add_session"}}, {"model": "auth.permission", "pk": 22, "fields": {"name": "Can change session", "content_type": 6, "codename": "change_session"}}, {"model": "auth.permission", "pk": 23, "fields": {"name": "Can delete session", "content_type": 6, "codename": "delete_session"}}, {"model": "auth.permission", "pk": 24, "fields": {"name": "Can view session", "content_type": 6, "codename": "view_session"}}, {"model": "auth.permission", "pk": 25, "fields": {"name": "Can add actor", "content_type": 7, "codename": "add_actor"}}, {"model": "auth.permission", "pk": 26, "fields": {"name": "Can change actor", "content_type": 7, "codename": "change_actor"}}, {"model": "auth.permission", "pk": 27, "fields": {"name": "Can delete actor", "content_type": 7, "codename": "delete_actor"}}, {"model": "auth.permission", "pk": 28, "fields": {"name": "Can view actor", "content_type": 7, "codename": "view_actor"}}, {"model": "auth.permission", "pk": 29, "fields": {"name": "Can add archelogy", "content_type": 8, "codename": "add_archelogy"}}, {"model": "auth.permission", "pk": 30, "fields": {"name": "Can change archelogy", "content_type": 8, "codename": "change_archelogy"}}, {"model": "auth.permission", "pk": 31, "fields": {"name": "Can delete archelogy", "content_type": 8, "codename": "delete_archelogy"}}, {"model": "auth.permission", "pk": 32, "fields": {"name": "Can view archelogy", "content_type": 8, "codename": "view_archelogy"}}, {"model": "auth.permission", "pk": 33, "fields": {"name": "Can add creditortype", "content_type": 9, "codename": "add_creditortype"}}, {"model": "auth.permission", "pk": 34, "fields": {"name": "Can change creditortype", "content_type": 9, "codename": "change_creditortype"}}, {"model": "auth.permission", "pk": 35, "fields": {"name": "Can delete creditortype", "content_type": 9, "codename": "delete_creditortype"}}, {"model": "auth.permission", "pk": 36, "fields": {"name": "Can view creditortype", "content_type": 9, "codename": "view_creditortype"}}, {"model": "auth.permission", "pk": 37, "fields": {"name": "Can add department", "content_type": 10, "codename": "add_department"}}, {"model": "auth.permission", "pk": 38, "fields": {"name": "Can change department", "content_type": 10, "codename": "change_department"}}, {"model": "auth.permission", "pk": 39, "fields": {"name": "Can delete department", "content_type": 10, "codename": "delete_department"}}, {"model": "auth.permission", "pk": 40, "fields": {"name": "Can view department", "content_type": 10, "codename": "view_department"}}, {"model": "auth.permission", "pk": 41, "fields": {"name": "Can add document", "content_type": 11, "codename": "add_document"}}, {"model": "auth.permission", "pk": 42, "fields": {"name": "Can change document", "content_type": 11, "codename": "change_document"}}, {"model": "auth.permission", "pk": 43, "fields": {"name": "Can delete document", "content_type": 11, "codename": "delete_document"}}, {"model": "auth.permission", "pk": 44, "fields": {"name": "Can view document", "content_type": 11, "codename": "view_document"}}, {"model": "auth.permission", "pk": 45, "fields": {"name": "Can add permitrequest", "content_type": 12, "codename": "add_permitrequest"}}, {"model": "auth.permission", "pk": 46, "fields": {"name": "Can change permitrequest", "content_type": 12, "codename": "change_permitrequest"}}, {"model": "auth.permission", "pk": 47, "fields": {"name": "Can delete permitrequest", "content_type": 12, "codename": "delete_permitrequest"}}, {"model": "auth.permission", "pk": 48, "fields": {"name": "Can view permitrequest", "content_type": 12, "codename": "view_permitrequest"}}, {"model": "auth.permission", "pk": 49, "fields": {"name": "Can change amount", "content_type": 12, "codename": "change_amount"}}, {"model": "auth.permission", "pk": 50, "fields": {"name": "Can change paid", "content_type": 12, "codename": "change_paid"}}, {"model": "auth.permission", "pk": 51, "fields": {"name": "Can change geom", "content_type": 12, "codename": "change_geom"}}, {"model": "auth.permission", "pk": 52, "fields": {"name": "Can change validated", "content_type": 12, "codename": "change_validated"}}, {"model": "auth.permission", "pk": 53, "fields": {"name": "Can change sent", "content_type": 12, "codename": "change_sent"}}, {"model": "auth.permission", "pk": 54, "fields": {"name": "Can change ended", "content_type": 12, "codename": "change_ended"}}, {"model": "auth.permission", "pk": 55, "fields": {"name": "Can change date_effective_end", "content_type": 12, "codename": "change_date_effective_end"}}, {"model": "auth.permission", "pk": 56, "fields": {"name": "Can change archeotype", "content_type": 12, "codename": "change_archeotype"}}, {"model": "auth.permission", "pk": 57, "fields": {"name": "Can change date_start", "content_type": 12, "codename": "date_start"}}, {"model": "auth.permission", "pk": 58, "fields": {"name": "Can add sitetype", "content_type": 13, "codename": "add_sitetype"}}, {"model": "auth.permission", "pk": 59, "fields": {"name": "Can change sitetype", "content_type": 13, "codename": "change_sitetype"}}, {"model": "auth.permission", "pk": 60, "fields": {"name": "Can delete sitetype", "content_type": 13, "codename": "delete_sitetype"}}, {"model": "auth.permission", "pk": 61, "fields": {"name": "Can view sitetype", "content_type": 13, "codename": "view_sitetype"}}, {"model": "auth.permission", "pk": 62, "fields": {"name": "Can add validation", "content_type": 14, "codename": "add_validation"}}, {"model": "auth.permission", "pk": 63, "fields": {"name": "Can change validation", "content_type": 14, "codename": "change_validation"}}, {"model": "auth.permission", "pk": 64, "fields": {"name": "Can delete validation", "content_type": 14, "codename": "delete_validation"}}, {"model": "auth.permission", "pk": 65, "fields": {"name": "Can view validation", "content_type": 14, "codename": "view_validation"}}, {"model": "auth.permission", "pk": 66, "fields": {"name": "Can add mail", "content_type": 15, "codename": "add_mail"}}, {"model": "auth.permission", "pk": 67, "fields": {"name": "Can change mail", "content_type": 15, "codename": "change_mail"}}, {"model": "auth.permission", "pk": 68, "fields": {"name": "Can delete mail", "content_type": 15, "codename": "delete_mail"}}, {"model": "auth.permission", "pk": 69, "fields": {"name": "Can view mail", "content_type": 15, "codename": "view_mail"}}, {"model": "auth.permission", "pk": 70, "fields": {"name": "Can add archeotype", "content_type": 16, "codename": "add_archeotype"}}, {"model": "auth.permission", "pk": 71, "fields": {"name": "Can change archeotype", "content_type": 16, "codename": "change_archeotype"}}, {"model": "auth.permission", "pk": 72, "fields": {"name": "Can delete archeotype", "content_type": 16, "codename": "delete_archeotype"}}, {"model": "auth.permission", "pk": 73, "fields": {"name": "Can view archeotype", "content_type": 16, "codename": "view_archeotype"}}, {"model": "auth.permission", "pk": 74, "fields": {"name": "Can add administrative_entity", "content_type": 17, "codename": "add_administrativeentity"}}, {"model": "auth.permission", "pk": 75, "fields": {"name": "Can change administrative_entity", "content_type": 17, "codename": "change_administrativeentity"}}, {"model": "auth.permission", "pk": 76, "fields": {"name": "Can delete administrative_entity", "content_type": 17, "codename": "delete_administrativeentity"}}, {"model": "auth.permission", "pk": 77, "fields": {"name": "Can view administrative_entity", "content_type": 17, "codename": "view_administrativeentity"}}, {"model": "auth.permission", "pk": 78, "fields": {"name": "Can add validation_comment_sample", "content_type": 18, "codename": "add_validationcommentsample"}}, {"model": "auth.permission", "pk": 79, "fields": {"name": "Can change validation_comment_sample", "content_type": 18, "codename": "change_validationcommentsample"}}, {"model": "auth.permission", "pk": 80, "fields": {"name": "Can delete validation_comment_sample", "content_type": 18, "codename": "delete_validationcommentsample"}}, {"model": "auth.permission", "pk": 81, "fields": {"name": "Can view validation_comment_sample", "content_type": 18, "codename": "view_validationcommentsample"}}, {"model": "auth.permission", "pk": 82, "fields": {"name": "Can add demande de permis", "content_type": 19, "codename": "add_permitrequest"}}, {"model": "auth.permission", "pk": 83, "fields": {"name": "Can change demande de permis", "content_type": 19, "codename": "change_permitrequest"}}, {"model": "auth.permission", "pk": 84, "fields": {"name": "Can delete demande de permis", "content_type": 19, "codename": "delete_permitrequest"}}, {"model": "auth.permission", "pk": 85, "fields": {"name": "Can view demande de permis", "content_type": 19, "codename": "view_permitrequest"}}, {"model": "auth.permission", "pk": 86, "fields": {"name": "Can add objet des travaux", "content_type": 20, "codename": "add_worksobject"}}, {"model": "auth.permission", "pk": 87, "fields": {"name": "Can change objet des travaux", "content_type": 20, "codename": "change_worksobject"}}, {"model": "auth.permission", "pk": 88, "fields": {"name": "Can delete objet des travaux", "content_type": 20, "codename": "delete_worksobject"}}, {"model": "auth.permission", "pk": 89, "fields": {"name": "Can view objet des travaux", "content_type": 20, "codename": "view_worksobject"}}, {"model": "auth.permission", "pk": 90, "fields": {"name": "Can add objet pour types de travaux", "content_type": 21, "codename": "add_worksobjecttype"}}, {"model": "auth.permission", "pk": 91, "fields": {"name": "Can change objet pour types de travaux", "content_type": 21, "codename": "change_worksobjecttype"}}, {"model": "auth.permission", "pk": 92, "fields": {"name": "Can delete objet pour types de travaux", "content_type": 21, "codename": "delete_worksobjecttype"}}, {"model": "auth.permission", "pk": 93, "fields": {"name": "Can view objet pour types de travaux", "content_type": 21, "codename": "view_worksobjecttype"}}, {"model": "auth.permission", "pk": 94, "fields": {"name": "Can add type de travaux", "content_type": 22, "codename": "add_workstype"}}, {"model": "auth.permission", "pk": 95, "fields": {"name": "Can change type de travaux", "content_type": 22, "codename": "change_workstype"}}, {"model": "auth.permission", "pk": 96, "fields": {"name": "Can delete type de travaux", "content_type": 22, "codename": "delete_workstype"}}, {"model": "auth.permission", "pk": 97, "fields": {"name": "Can view type de travaux", "content_type": 22, "codename": "view_workstype"}}, {"model": "auth.permission", "pk": 98, "fields": {"name": "Can add works object type choice", "content_type": 23, "codename": "add_worksobjecttypechoice"}}, {"model": "auth.permission", "pk": 99, "fields": {"name": "Can change works object type choice", "content_type": 23, "codename": "change_worksobjecttypechoice"}}, {"model": "auth.permission", "pk": 100, "fields": {"name": "Can delete works object type choice", "content_type": 23, "codename": "delete_worksobjecttypechoice"}}, {"model": "auth.permission", "pk": 101, "fields": {"name": "Can view works object type choice", "content_type": 23, "codename": "view_worksobjecttypechoice"}}, {"model": "auth.permission", "pk": 102, "fields": {"name": "Can add caract\u00e9ristique", "content_type": 24, "codename": "add_worksobjectproperty"}}, {"model": "auth.permission", "pk": 103, "fields": {"name": "Can change caract\u00e9ristique", "content_type": 24, "codename": "change_worksobjectproperty"}}, {"model": "auth.permission", "pk": 104, "fields": {"name": "Can delete caract\u00e9ristique", "content_type": 24, "codename": "delete_worksobjectproperty"}}, {"model": "auth.permission", "pk": 105, "fields": {"name": "Can view caract\u00e9ristique", "content_type": 24, "codename": "view_worksobjectproperty"}}, {"model": "auth.permission", "pk": 106, "fields": {"name": "Can add works object property value", "content_type": 25, "codename": "add_worksobjectpropertyvalue"}}, {"model": "auth.permission", "pk": 107, "fields": {"name": "Can change works object property value", "content_type": 25, "codename": "change_worksobjectpropertyvalue"}}, {"model": "auth.permission", "pk": 108, "fields": {"name": "Can delete works object property value", "content_type": 25, "codename": "delete_worksobjectpropertyvalue"}}, {"model": "auth.permission", "pk": 109, "fields": {"name": "Can view works object property value", "content_type": 25, "codename": "view_worksobjectpropertyvalue"}}, {"model": "auth.permission", "pk": 110, "fields": {"name": "Can add permit request actor", "content_type": 26, "codename": "add_permitrequestactor"}}, {"model": "auth.permission", "pk": 111, "fields": {"name": "Can change permit request actor", "content_type": 26, "codename": "change_permitrequestactor"}}, {"model": "auth.permission", "pk": 112, "fields": {"name": "Can delete permit request actor", "content_type": 26, "codename": "delete_permitrequestactor"}}, {"model": "auth.permission", "pk": 113, "fields": {"name": "Can view permit request actor", "content_type": 26, "codename": "view_permitrequestactor"}}, {"model": "auth.permission", "pk": 114, "fields": {"name": "Can add contact \u00e0 saisir", "content_type": 27, "codename": "add_permitactortype"}}, {"model": "auth.permission", "pk": 115, "fields": {"name": "Can change contact \u00e0 saisir", "content_type": 27, "codename": "change_permitactortype"}}, {"model": "auth.permission", "pk": 116, "fields": {"name": "Can delete contact \u00e0 saisir", "content_type": 27, "codename": "delete_permitactortype"}}, {"model": "auth.permission", "pk": 117, "fields": {"name": "Can view contact \u00e0 saisir", "content_type": 27, "codename": "view_permitactortype"}}, {"model": "auth.group", "pk": 1, "fields": {"name": "backoffice", "permissions": [28, 77, 32, 73, 36, 40, 44, 69, 49, 56, 55, 54, 50, 53, 52, 48, 61, 65, 81]}}, {"model": "auth.group", "pk": 2, "fields": {"name": "validator-1", "permissions": [28, 77, 32, 73, 36, 40, 44, 69, 48, 61, 63, 65, 81]}}, {"model": "auth.user", "pk": 1, "fields": {"password": "pbkdf2_sha256$150000$zEy0kG9FMEG9$93Kw1mpyUKw0zyWL+KZdT9RovrveX9Ua7Mx5GM/KyUA=", "last_login": "2020-02-17T07:47:45.769Z", "is_superuser": true, "username": "admin", "first_name": "", "last_name": "", "email": "admin@exampletoto.com", "is_staff": true, "is_active": true, "date_joined": "2019-12-19T08:19:38.011Z", "groups": [], "user_permissions": []}}, {"model": "auth.user", "pk": 2, "fields": {"password": "pbkdf2_sha256$150000$edJmxrcnv7dt$ULN9BWdYmveBHsuahOi/o7EE2CiLhoWbejBYELo5Q/8=", "last_login": null, "is_superuser": false, "username": "demo-validator", "first_name": "Demo", "last_name": "Validator", "email": "demomail@demodemo.demo", "is_staff": false, "is_active": true, "date_joined": "2019-12-19T12:38:03Z", "groups": [2], "user_permissions": []}}, {"model": "auth.user", "pk": 3, "fields": {"password": "pbkdf2_sha256$150000$TMLYTJP0sw18$G3WId0CpOwVBZ/kyQ6OB0FgwolDaa658yhiJXGsuNHw=", "last_login": null, "is_superuser": false, "username": "demo-backoffice", "first_name": "Demo", "last_name": "Backoffice", "email": "demomail@demodemo.demo", "is_staff": false, "is_active": true, "date_joined": "2019-12-19T12:39:23Z", "groups": [1], "user_permissions": []}}, {"model": "gpf.actor", "pk": 1, "fields": {"name": "demo name", "firstname": "demo surname", "company_name": "enterprise name", "vat_number": null, "address": "Demo adresse 1", "zipcode": 1400, "city": "Demo city", "phone_fixed": "000 000 00 00", "phone_mobile": null, "email": "demomail@demodemo.demo", "user": null}}, {"model": "gpf.actor", "pk": 2, "fields": {"name": "demo company", "firstname": "demo surname", "company_name": "enterprise name", "vat_number": "CHE-123.123.123", "address": "Demo Adress 2", "zipcode": 1400, "city": "Demo city", "phone_fixed": "0000000000", "phone_mobile": null, "email": "demomail@demodemo.demo", "user": null}}, {"model": "gpf.actor", "pk": 3, "fields": {"name": "Permit", "firstname": "Demo", "company_name": "Archi SA", "vat_number": "CHE-123.123.123", "address": "Achi", "zipcode": 1234, "city": "Gotham", "phone_fixed": "000 000 00 00", "phone_mobile": null, "email": "demo@demo.demo", "user": 1}}, {"model": "gpf.department", "pk": 1, "fields": {"group": 1, "description": "Backoffice", "is_validator": false, "is_admin": false, "is_archeologist": false, "administrative_entity": 1}}, {"model": "gpf.department", "pk": 2, "fields": {"group": 2, "description": "validator demo 1", "is_validator": true, "is_admin": false, "is_archeologist": false, "administrative_entity": 1}}, {"model": "admin.logentry", "pk": 1, "fields": {"action_time": "2019-12-19T08:21:24.894Z", "user": 1, "content_type": 16, "object_id": "1", "object_repr": "Inconnue", "action_flag": 1, "change_message": "[{\"added\": {}}]"}}, {"model": "admin.logentry", "pk": 2, "fields": {"action_time": "2019-12-19T08:21:32.058Z", "user": 1, "content_type": 16, "object_id": "2", "object_repr": "D\u00e9j\u00e0 fouill\u00e9", "action_flag": 1, "change_message": "[{\"added\": {}}]"}}, {"model": "admin.logentry", "pk": 3, "fields": {"action_time": "2019-12-19T08:21:39.165Z", "user": 1, "content_type": 16, "object_id": "3", "object_repr": "Partiellement fouill\u00e9", "action_flag": 1, "change_message": "[{\"added\": {}}]"}}, {"model": "admin.logentry", "pk": 4, "fields": {"action_time": "2019-12-19T08:21:43.911Z", "user": 1, "content_type": 16, "object_id": "4", "object_repr": "Pas fouill\u00e9", "action_flag": 1, "change_message": "[{\"added\": {}}]"}}, {"model": "admin.logentry", "pk": 5, "fields": {"action_time": "2019-12-19T08:21:55.261Z", "user": 1, "content_type": 13, "object_id": "1", "object_repr": "Trottoire", "action_flag": 1, "change_message": "[{\"added\": {}}]"}}, {"model": "admin.logentry", "pk": 6, "fields": {"action_time": "2019-12-19T08:22:03.395Z", "user": 1, "content_type": 13, "object_id": "2", "object_repr": "Chauss\u00e9e", "action_flag": 1, "change_message": "[{\"added\": {}}]"}}, {"model": "admin.logentry", "pk": 7, "fields": {"action_time": "2019-12-19T08:22:08.601Z", "user": 1, "content_type": 13, "object_id": "1", "object_repr": "Trottoir", "action_flag": 2, "change_message": "[{\"changed\": {\"fields\": [\"description\"]}}]"}}, {"model": "admin.logentry", "pk": 8, "fields": {"action_time": "2019-12-19T08:23:31.510Z", "user": 1, "content_type": 3, "object_id": "1", "object_repr": "backoffice", "action_flag": 1, "change_message": "[{\"added\": {}}]"}}, {"model": "admin.logentry", "pk": 9, "fields": {"action_time": "2019-12-19T08:24:00.786Z", "user": 1, "content_type": 3, "object_id": "2", "object_repr": "validator-1", "action_flag": 1, "change_message": "[{\"added\": {}}]"}}, {"model": "admin.logentry", "pk": 10, "fields": {"action_time": "2019-12-19T08:24:30.594Z", "user": 1, "content_type": 10, "object_id": "1", "object_repr": "backoffice", "action_flag": 1, "change_message": "[{\"added\": {}}]"}}, {"model": "admin.logentry", "pk": 11, "fields": {"action_time": "2019-12-19T08:24:43.960Z", "user": 1, "content_type": 10, "object_id": "2", "object_repr": "validator-1", "action_flag": 1, "change_message": "[{\"added\": {}}]"}}, {"model": "admin.logentry", "pk": 12, "fields": {"action_time": "2019-12-19T08:25:46.153Z", "user": 1, "content_type": 9, "object_id": "1", "object_repr": "Entreprise", "action_flag": 1, "change_message": "[{\"added\": {}}]"}}, {"model": "admin.logentry", "pk": 13, "fields": {"action_time": "2019-12-19T08:25:57.061Z", "user": 1, "content_type": 9, "object_id": "2", "object_repr": "Ma\u00eetre d'ouvrage", "action_flag": 1, "change_message": "[{\"added\": {}}]"}}, {"model": "admin.logentry", "pk": 14, "fields": {"action_time": "2019-12-19T10:50:16.393Z", "user": 1, "content_type": 7, "object_id": "47", "object_repr": "Bonjour", "action_flag": 3, "change_message": ""}}, {"model": "admin.logentry", "pk": 15, "fields": {"action_time": "2019-12-19T10:50:16.396Z", "user": 1, "content_type": 7, "object_id": "46", "object_repr": "Bonjour", "action_flag": 3, "change_message": ""}}, {"model": "admin.logentry", "pk": 16, "fields": {"action_time": "2019-12-19T10:50:16.398Z", "user": 1, "content_type": 7, "object_id": "45", "object_repr": "Bonjour", "action_flag": 3, "change_message": ""}}, {"model": "admin.logentry", "pk": 17, "fields": {"action_time": "2019-12-19T10:50:16.400Z", "user": 1, "content_type": 7, "object_id": "44", "object_repr": "Bonjour", "action_flag": 3, "change_message": ""}}, {"model": "admin.logentry", "pk": 18, "fields": {"action_time": "2019-12-19T10:50:16.402Z", "user": 1, "content_type": 7, "object_id": "43", "object_repr": "Bonjour", "action_flag": 3, "change_message": ""}}, {"model": "admin.logentry", "pk": 19, "fields": {"action_time": "2019-12-19T10:50:16.404Z", "user": 1, "content_type": 7, "object_id": "42", "object_repr": "test", "action_flag": 3, "change_message": ""}}, {"model": "admin.logentry", "pk": 20, "fields": {"action_time": "2019-12-19T10:50:16.406Z", "user": 1, "content_type": 7, "object_id": "41", "object_repr": "test", "action_flag": 3, "change_message": ""}}, {"model": "admin.logentry", "pk": 21, "fields": {"action_time": "2019-12-19T10:50:16.407Z", "user": 1, "content_type": 7, "object_id": "8", "object_repr": "test", "action_flag": 3, "change_message": ""}}, {"model": "admin.logentry", "pk": 22, "fields": {"action_time": "2019-12-19T10:50:16.410Z", "user": 1, "content_type": 7, "object_id": "7", "object_repr": "test", "action_flag": 3, "change_message": ""}}, {"model": "admin.logentry", "pk": 23, "fields": {"action_time": "2019-12-19T10:50:16.412Z", "user": 1, "content_type": 7, "object_id": "6", "object_repr": "test", "action_flag": 3, "change_message": ""}}, {"model": "admin.logentry", "pk": 24, "fields": {"action_time": "2019-12-19T10:50:16.417Z", "user": 1, "content_type": 7, "object_id": "5", "object_repr": "TEST", "action_flag": 3, "change_message": ""}}, {"model": "admin.logentry", "pk": 25, "fields": {"action_time": "2019-12-19T10:50:16.420Z", "user": 1, "content_type": 7, "object_id": "4", "object_repr": "test", "action_flag": 3, "change_message": ""}}, {"model": "admin.logentry", "pk": 26, "fields": {"action_time": "2019-12-19T10:50:16.421Z", "user": 1, "content_type": 7, "object_id": "3", "object_repr": "test", "action_flag": 3, "change_message": ""}}, {"model": "admin.logentry", "pk": 27, "fields": {"action_time": "2019-12-19T10:50:16.423Z", "user": 1, "content_type": 7, "object_id": "2", "object_repr": "test", "action_flag": 3, "change_message": ""}}, {"model": "admin.logentry", "pk": 28, "fields": {"action_time": "2019-12-19T10:50:16.426Z", "user": 1, "content_type": 7, "object_id": "1", "object_repr": "test", "action_flag": 3, "change_message": ""}}, {"model": "admin.logentry", "pk": 29, "fields": {"action_time": "2019-12-19T12:33:04.002Z", "user": 1, "content_type": 15, "object_id": "1", "object_repr": "Demo Administrative Entity permit_send", "action_flag": 1, "change_message": "[{\"added\": {}}]"}}, {"model": "admin.logentry", "pk": 30, "fields": {"action_time": "2019-12-19T12:33:36.317Z", "user": 1, "content_type": 15, "object_id": "2", "object_repr": "Demo Administrative Entity single_validation_remainder", "action_flag": 1, "change_message": "[{\"added\": {}}]"}}, {"model": "admin.logentry", "pk": 31, "fields": {"action_time": "2019-12-19T12:34:25.177Z", "user": 1, "content_type": 15, "object_id": "3", "object_repr": "Demo Administrative Entity daily_validation_remainder", "action_flag": 1, "change_message": "[{\"added\": {}}]"}}, {"model": "admin.logentry", "pk": 32, "fields": {"action_time": "2019-12-19T12:35:12.248Z", "user": 1, "content_type": 15, "object_id": "4", "object_repr": "Demo Administrative Entity end_work_announcement", "action_flag": 1, "change_message": "[{\"added\": {}}]"}}, {"model": "admin.logentry", "pk": 33, "fields": {"action_time": "2019-12-19T12:35:52.472Z", "user": 1, "content_type": 15, "object_id": "5", "object_repr": "Demo Administrative Entity new_permit", "action_flag": 1, "change_message": "[{\"added\": {}}]"}}, {"model": "admin.logentry", "pk": 34, "fields": {"action_time": "2019-12-19T12:36:45.058Z", "user": 1, "content_type": 15, "object_id": "6", "object_repr": "Demo Administrative Entity permit_confirmation", "action_flag": 1, "change_message": "[{\"added\": {}}]"}}, {"model": "admin.logentry", "pk": 35, "fields": {"action_time": "2019-12-19T12:38:03.467Z", "user": 1, "content_type": 4, "object_id": "2", "object_repr": "demo-validator", "action_flag": 1, "change_message": "[{\"added\": {}}]"}}, {"model": "admin.logentry", "pk": 36, "fields": {"action_time": "2019-12-19T12:38:43.023Z", "user": 1, "content_type": 4, "object_id": "2", "object_repr": "demo-validator", "action_flag": 2, "change_message": "[{\"changed\": {\"fields\": [\"first_name\", \"last_name\", \"email\", \"groups\"]}}]"}}, {"model": "admin.logentry", "pk": 37, "fields": {"action_time": "2019-12-19T12:39:23.453Z", "user": 1, "content_type": 4, "object_id": "3", "object_repr": "demo-backoffice", "action_flag": 1, "change_message": "[{\"added\": {}}]"}}, {"model": "admin.logentry", "pk": 38, "fields": {"action_time": "2019-12-19T12:39:39.559Z", "user": 1, "content_type": 4, "object_id": "3", "object_repr": "demo-backoffice", "action_flag": 2, "change_message": "[{\"changed\": {\"fields\": [\"first_name\", \"last_name\", \"email\", \"groups\"]}}]"}}, {"model": "admin.logentry", "pk": 39, "fields": {"action_time": "2019-12-19T12:42:03.356Z", "user": 1, "content_type": 4, "object_id": "1", "object_repr": "admin", "action_flag": 2, "change_message": "[{\"changed\": {\"fields\": [\"password\"]}}]"}}, {"model": "admin.logentry", "pk": 40, "fields": {"action_time": "2019-12-19T12:51:05.454Z", "user": 1, "content_type": 3, "object_id": "2", "object_repr": "validator-1", "action_flag": 2, "change_message": "[{\"changed\": {\"fields\": [\"permissions\"]}}]"}}, {"model": "admin.logentry", "pk": 41, "fields": {"action_time": "2020-01-16T08:26:33.017Z", "user": 1, "content_type": 20, "object_id": "1", "object_repr": "Chemin\u00e9e", "action_flag": 1, "change_message": "[{\"added\": {}}]"}}, {"model": "admin.logentry", "pk": 42, "fields": {"action_time": "2020-01-16T08:26:36.663Z", "user": 1, "content_type": 20, "object_id": "2", "object_repr": "B\u00fbcher", "action_flag": 1, "change_message": "[{\"added\": {}}]"}}, {"model": "admin.logentry", "pk": 43, "fields": {"action_time": "2020-01-16T08:26:44.785Z", "user": 1, "content_type": 20, "object_id": "3", "object_repr": "Couverture de terrasse", "action_flag": 1, "change_message": "[{\"added\": {}}]"}}, {"model": "admin.logentry", "pk": 44, "fields": {"action_time": "2020-01-16T08:26:48.558Z", "user": 1, "content_type": 20, "object_id": "4", "object_repr": "Piscine", "action_flag": 1, "change_message": "[{\"added\": {}}]"}}, {"model": "admin.logentry", "pk": 45, "fields": {"action_time": "2020-01-16T08:27:00.283Z", "user": 1, "content_type": 22, "object_id": "1", "object_repr": "Transformation, agrandissement", "action_flag": 1, "change_message": "[{\"added\": {}}]"}}, {"model": "admin.logentry", "pk": 46, "fields": {"action_time": "2020-01-16T08:27:03.454Z", "user": 1, "content_type": 22, "object_id": "2", "object_repr": "D\u00e9molition", "action_flag": 1, "change_message": "[{\"added\": {}}]"}}, {"model": "admin.logentry", "pk": 47, "fields": {"action_time": "2020-01-16T08:27:12.134Z", "user": 1, "content_type": 22, "object_id": "3", "object_repr": "R\u00e9novation", "action_flag": 1, "change_message": "[{\"added\": {}}]"}}, {"model": "admin.logentry", "pk": 48, "fields": {"action_time": "2020-01-16T08:27:29.109Z", "user": 1, "content_type": 21, "object_id": "1", "object_repr": "B\u00fbcher (Transformation, agrandissement)", "action_flag": 1, "change_message": "[{\"added\": {}}]"}}, {"model": "admin.logentry", "pk": 49, "fields": {"action_time": "2020-01-16T08:27:36.514Z", "user": 1, "content_type": 21, "object_id": "2", "object_repr": "Couverture de terrasse (Transformation, agrandissement)", "action_flag": 1, "change_message": "[{\"added\": {}}]"}}, {"model": "admin.logentry", "pk": 50, "fields": {"action_time": "2020-01-16T08:27:40.927Z", "user": 1, "content_type": 21, "object_id": "3", "object_repr": "Chemin\u00e9e (D\u00e9molition)", "action_flag": 1, "change_message": "[{\"added\": {}}]"}}, {"model": "admin.logentry", "pk": 51, "fields": {"action_time": "2020-01-16T08:27:46.328Z", "user": 1, "content_type": 21, "object_id": "4", "object_repr": "B\u00fbcher (D\u00e9molition)", "action_flag": 1, "change_message": "[{\"added\": {}}]"}}, {"model": "admin.logentry", "pk": 52, "fields": {"action_time": "2020-01-16T08:27:54.133Z", "user": 1, "content_type": 21, "object_id": "5", "object_repr": "Piscine (R\u00e9novation)", "action_flag": 1, "change_message": "[{\"added\": {}}]"}}, {"model": "admin.logentry", "pk": 53, "fields": {"action_time": "2020-01-16T08:27:58.658Z", "user": 1, "content_type": 21, "object_id": "6", "object_repr": "Couverture de terrasse (R\u00e9novation)", "action_flag": 1, "change_message": "[{\"added\": {}}]"}}, {"model": "admin.logentry", "pk": 54, "fields": {"action_time": "2020-01-16T08:28:03.605Z", "user": 1, "content_type": 21, "object_id": "7", "object_repr": "B\u00fbcher (R\u00e9novation)", "action_flag": 1, "change_message": "[{\"added\": {}}]"}}, {"model": "admin.logentry", "pk": 55, "fields": {"action_time": "2020-01-16T08:28:28.034Z", "user": 1, "content_type": 24, "object_id": "1", "object_repr": "Hauteur (m\u00e8tres)", "action_flag": 1, "change_message": "[{\"added\": {}}]"}}, {"model": "admin.logentry", "pk": 56, "fields": {"action_time": "2020-01-16T08:28:47.734Z", "user": 1, "content_type": 24, "object_id": "2", "object_repr": "Surface totale", "action_flag": 1, "change_message": "[{\"added\": {}}]"}}, {"model": "admin.logentry", "pk": 57, "fields": {"action_time": "2020-01-16T08:29:06.254Z", "user": 1, "content_type": 24, "object_id": "3", "object_repr": "Plan", "action_flag": 1, "change_message": "[{\"added\": {}}]"}}, {"model": "admin.logentry", "pk": 58, "fields": {"action_time": "2020-01-16T08:29:31.651Z", "user": 1, "content_type": 24, "object_id": "4", "object_repr": "Le projet concerne la d\u00e9tention ou la garde d'animaux", "action_flag": 1, "change_message": "[{\"added\": {}}]"}}, {"model": "admin.logentry", "pk": 59, "fields": {"action_time": "2020-01-29T13:01:23.951Z", "user": 1, "content_type": 7, "object_id": "2", "object_repr": "demo company", "action_flag": 2, "change_message": "[{\"changed\": {\"fields\": [\"name\"]}}]"}}, {"model": "admin.logentry", "pk": 60, "fields": {"action_time": "2020-01-29T13:02:35.454Z", "user": 1, "content_type": 7, "object_id": "3", "object_repr": "Permit", "action_flag": 1, "change_message": "[{\"added\": {}}]"}}, {"model": "admin.logentry", "pk": 61, "fields": {"action_time": "2020-01-29T14:23:42.651Z", "user": 1, "content_type": 19, "object_id": "5", "object_repr": "PermitRequest object (5)", "action_flag": 3, "change_message": ""}}, {"model": "admin.logentry", "pk": 62, "fields": {"action_time": "2020-01-29T14:24:41.944Z", "user": 1, "content_type": 24, "object_id": "5", "object_repr": "Description Salut", "action_flag": 1, "change_message": "[{\"added\": {}}]"}}, {"model": "admin.logentry", "pk": 63, "fields": {"action_time": "2020-01-30T08:59:25.869Z", "user": 1, "content_type": 22, "object_id": "4", "object_repr": "Modification du terrain", "action_flag": 1, "change_message": "[{\"added\": {}}]"}}, {"model": "admin.logentry", "pk": 64, "fields": {"action_time": "2020-01-30T09:14:33.067Z", "user": 1, "content_type": 22, "object_id": "5", "object_repr": "Agrandissement", "action_flag": 1, "change_message": "[{\"added\": {}}]"}}, {"model": "admin.logentry", "pk": 65, "fields": {"action_time": "2020-01-30T09:15:03.076Z", "user": 1, "content_type": 22, "object_id": "6", "object_repr": "Mise en conformit\u00e9 sans d\u00e9molition", "action_flag": 1, "change_message": "[{\"added\": {}}]"}}, {"model": "admin.logentry", "pk": 66, "fields": {"action_time": "2020-01-30T09:15:12.399Z", "user": 1, "content_type": 22, "object_id": "7", "object_repr": "Mise en conformit\u00e9 avec d\u00e9molition", "action_flag": 1, "change_message": "[{\"added\": {}}]"}}, {"model": "admin.logentry", "pk": 67, "fields": {"action_time": "2020-01-30T09:15:33.837Z", "user": 1, "content_type": 22, "object_id": "6", "object_repr": "Mise en conformit\u00e9", "action_flag": 2, "change_message": "[{\"changed\": {\"fields\": [\"name\"]}}]"}}, {"model": "admin.logentry", "pk": 68, "fields": {"action_time": "2020-01-30T09:15:38.947Z", "user": 1, "content_type": 22, "object_id": "7", "object_repr": "Mise en conformit\u00e9 avec d\u00e9molition", "action_flag": 3, "change_message": ""}}, {"model": "admin.logentry", "pk": 69, "fields": {"action_time": "2020-01-30T09:16:26.339Z", "user": 1, "content_type": 20, "object_id": "4", "object_repr": "Construction provisoire et d\u00e9montable jusqu'\u00e0 3 mois", "action_flag": 2, "change_message": "[{\"changed\": {\"fields\": [\"name\"]}}]"}}, {"model": "admin.logentry", "pk": 70, "fields": {"action_time": "2020-01-30T09:16:34.400Z", "user": 1, "content_type": 20, "object_id": "3", "object_repr": "Teintes de fa\u00e7ades, de volets ou de stores", "action_flag": 2, "change_message": "[{\"changed\": {\"fields\": [\"name\"]}}]"}}, {"model": "admin.logentry", "pk": 71, "fields": {"action_time": "2020-01-30T09:16:43.002Z", "user": 1, "content_type": 20, "object_id": "2", "object_repr": "R\u00e9novations int\u00e9rieures", "action_flag": 2, "change_message": "[{\"changed\": {\"fields\": [\"name\"]}}]"}}, {"model": "admin.logentry", "pk": 72, "fields": {"action_time": "2020-01-30T09:16:49.266Z", "user": 1, "content_type": 20, "object_id": "1", "object_repr": "Rafra\u00eechissements int\u00e9rieurs", "action_flag": 2, "change_message": "[{\"changed\": {\"fields\": [\"name\"]}}]"}}, {"model": "admin.logentry", "pk": 73, "fields": {"action_time": "2020-01-30T09:17:12.297Z", "user": 1, "content_type": 20, "object_id": "5", "object_repr": "Redistribution int\u00e9rieures, sans changement d'affectation", "action_flag": 1, "change_message": "[{\"added\": {}}]"}}, {"model": "admin.logentry", "pk": 74, "fields": {"action_time": "2020-01-30T09:17:19.857Z", "user": 1, "content_type": 20, "object_id": "6", "object_repr": "Stores bannes en fa\u00e7ade ou au-dessus d'une vitrine d'un commerce ou d'un \u00e9tablissement public", "action_flag": 1, "change_message": "[{\"added\": {}}]"}}, {"model": "admin.logentry", "pk": 75, "fields": {"action_time": "2020-01-30T09:17:29.056Z", "user": 1, "content_type": 20, "object_id": "7", "object_repr": "Isolation p\u00e9riph\u00e9rique", "action_flag": 1, "change_message": "[{\"added\": {}}]"}}, {"model": "admin.logentry", "pk": 76, "fields": {"action_time": "2020-01-30T09:17:38.224Z", "user": 1, "content_type": 20, "object_id": "8", "object_repr": "Proc\u00e9d\u00e9s de r\u00e9clames (tous types d'enseignes)", "action_flag": 1, "change_message": "[{\"added\": {}}]"}}, {"model": "admin.logentry", "pk": 77, "fields": {"action_time": "2020-01-30T09:17:45.873Z", "user": 1, "content_type": 20, "object_id": "9", "object_repr": "Remplacement des fen\u00eatres et volets", "action_flag": 1, "change_message": "[{\"added\": {}}]"}}, {"model": "admin.logentry", "pk": 78, "fields": {"action_time": "2020-01-30T09:17:52.215Z", "user": 1, "content_type": 20, "object_id": "10", "object_repr": "Places de parc", "action_flag": 1, "change_message": "[{\"added\": {}}]"}}, {"model": "admin.logentry", "pk": 79, "fields": {"action_time": "2020-01-30T09:17:56.809Z", "user": 1, "content_type": 20, "object_id": "11", "object_repr": "Couverts jusqu'\u00e0 40m\u00b2", "action_flag": 1, "change_message": "[{\"added\": {}}]"}}, {"model": "admin.logentry", "pk": 80, "fields": {"action_time": "2020-01-30T09:18:01.273Z", "user": 1, "content_type": 20, "object_id": "12", "object_repr": "Pergolas jusqu'\u00e0 40m\u00b2", "action_flag": 1, "change_message": "[{\"added\": {}}]"}}, {"model": "admin.logentry", "pk": 81, "fields": {"action_time": "2020-01-30T09:18:05.272Z", "user": 1, "content_type": 20, "object_id": "13", "object_repr": "V\u00e9randa jusqu'\u00e0 40m\u00b2", "action_flag": 1, "change_message": "[{\"added\": {}}]"}}, {"model": "admin.logentry", "pk": 82, "fields": {"action_time": "2020-01-30T09:18:11.931Z", "user": 1, "content_type": 20, "object_id": "14", "object_repr": "Jardin d'hiver chauff\u00e9", "action_flag": 1, "change_message": "[{\"added\": {}}]"}}, {"model": "admin.logentry", "pk": 83, "fields": {"action_time": "2020-01-30T09:18:18.367Z", "user": 1, "content_type": 20, "object_id": "15", "object_repr": "Jardin d'hiver non chauff\u00e9", "action_flag": 1, "change_message": "[{\"added\": {}}]"}}, {"model": "admin.logentry", "pk": 84, "fields": {"action_time": "2020-01-30T09:18:26.289Z", "user": 1, "content_type": 20, "object_id": "16", "object_repr": "Elargissement d'ouvertures en fa\u00e7ade", "action_flag": 1, "change_message": "[{\"added\": {}}]"}}, {"model": "admin.logentry", "pk": 85, "fields": {"action_time": "2020-01-30T09:18:31.938Z", "user": 1, "content_type": 20, "object_id": "17", "object_repr": "Barbecues, fours \u00e0 pains ou pizza", "action_flag": 1, "change_message": "[{\"added\": {}}]"}}, {"model": "admin.logentry", "pk": 86, "fields": {"action_time": "2020-01-30T09:18:37.224Z", "user": 1, "content_type": 20, "object_id": "18", "object_repr": "Cl\u00f4tures, palissades ou murs jusqu'\u00e0 2m de haut", "action_flag": 1, "change_message": "[{\"added\": {}}]"}}, {"model": "admin.logentry", "pk": 87, "fields": {"action_time": "2020-01-30T09:18:42.315Z", "user": 1, "content_type": 20, "object_id": "19", "object_repr": "Panneaux solaires en toiture, au sol ou en fa\u00e7ade", "action_flag": 1, "change_message": "[{\"added\": {}}]"}}, {"model": "admin.logentry", "pk": 88, "fields": {"action_time": "2020-01-30T09:18:47.782Z", "user": 1, "content_type": 20, "object_id": "20", "object_repr": "Avant-toits", "action_flag": 1, "change_message": "[{\"added\": {}}]"}}, {"model": "admin.logentry", "pk": 89, "fields": {"action_time": "2020-01-30T09:18:52.356Z", "user": 1, "content_type": 20, "object_id": "21", "object_repr": "Balcons", "action_flag": 1, "change_message": "[{\"added\": {}}]"}}, {"model": "admin.logentry", "pk": 90, "fields": {"action_time": "2020-01-30T09:18:57.200Z", "user": 1, "content_type": 20, "object_id": "22", "object_repr": "Rampes d'acc\u00e8s ou terrasses", "action_flag": 1, "change_message": "[{\"added\": {}}]"}}, {"model": "admin.logentry", "pk": 91, "fields": {"action_time": "2020-01-30T09:19:03.590Z", "user": 1, "content_type": 20, "object_id": "23", "object_repr": "Terrassement jusqu'\u00e0 1m de hauteur ou 20m\u00b3", "action_flag": 1, "change_message": "[{\"added\": {}}]"}}, {"model": "admin.logentry", "pk": 92, "fields": {"action_time": "2020-01-30T09:19:08.354Z", "user": 1, "content_type": 20, "object_id": "24", "object_repr": "Piscines hors-sol d\u00e9montables", "action_flag": 1, "change_message": "[{\"added\": {}}]"}}, {"model": "admin.logentry", "pk": 93, "fields": {"action_time": "2020-01-30T09:19:12.282Z", "user": 1, "content_type": 20, "object_id": "25", "object_repr": "Jacuzzis jusqu' 5m\u00b3", "action_flag": 1, "change_message": "[{\"added\": {}}]"}}, {"model": "admin.logentry", "pk": 94, "fields": {"action_time": "2020-01-30T09:19:16.318Z", "user": 1, "content_type": 20, "object_id": "26", "object_repr": "Pompes \u00e0 chaleur air-eau", "action_flag": 1, "change_message": "[{\"added\": {}}]"}}, {"model": "admin.logentry", "pk": 95, "fields": {"action_time": "2020-01-30T09:19:20.096Z", "user": 1, "content_type": 20, "object_id": "27", "object_repr": "Pompes \u00e0 chaleur ou sondes g\u00e9othermiques", "action_flag": 1, "change_message": "[{\"added\": {}}]"}}, {"model": "admin.logentry", "pk": 96, "fields": {"action_time": "2020-01-30T09:19:23.931Z", "user": 1, "content_type": 20, "object_id": "28", "object_repr": "B\u00fbchers", "action_flag": 1, "change_message": "[{\"added\": {}}]"}}, {"model": "admin.logentry", "pk": 97, "fields": {"action_time": "2020-01-30T09:19:27.747Z", "user": 1, "content_type": 20, "object_id": "29", "object_repr": "Cabanes de jardin", "action_flag": 1, "change_message": "[{\"added\": {}}]"}}, {"model": "admin.logentry", "pk": 98, "fields": {"action_time": "2020-01-30T09:19:32.384Z", "user": 1, "content_type": 20, "object_id": "30", "object_repr": "Serres jusqu'\u00e0 16m\u00b2", "action_flag": 1, "change_message": "[{\"added\": {}}]"}}, {"model": "admin.logentry", "pk": 99, "fields": {"action_time": "2020-01-30T09:19:36.241Z", "user": 1, "content_type": 20, "object_id": "31", "object_repr": "Chemin\u00e9es ou conduits de chemin\u00e9e", "action_flag": 1, "change_message": "[{\"added\": {}}]"}}, {"model": "admin.logentry", "pk": 100, "fields": {"action_time": "2020-01-30T09:19:39.705Z", "user": 1, "content_type": 20, "object_id": "32", "object_repr": "Poulaillers jusqu'\u00e0 2m\u00b2", "action_flag": 1, "change_message": "[{\"added\": {}}]"}}, {"model": "admin.logentry", "pk": 101, "fields": {"action_time": "2020-01-30T09:19:43.751Z", "user": 1, "content_type": 20, "object_id": "33", "object_repr": "Abattage d'arbres  dont le diam\u00e8tre est \u00e9gal ou sup\u00e9rieur \u00e0 30cm \u00e0 130cm mesur\u00e9 au-dessus du terrain", "action_flag": 1, "change_message": "[{\"added\": {}}]"}}, {"model": "admin.logentry", "pk": 102, "fields": {"action_time": "2020-01-30T09:20:38.389Z", "user": 1, "content_type": 17, "object_id": "1", "object_repr": "Commune d\u00e9mo", "action_flag": 2, "change_message": "[{\"changed\": {\"fields\": [\"name\", \"geom\"]}}]"}}, {"model": "admin.logentry", "pk": 103, "fields": {"action_time": "2020-01-30T09:20:45.388Z", "user": 1, "content_type": 17, "object_id": "1", "object_repr": "Commune d\u00e9mo 1", "action_flag": 2, "change_message": "[{\"changed\": {\"fields\": [\"name\", \"geom\"]}}]"}}, {"model": "admin.logentry", "pk": 104, "fields": {"action_time": "2020-01-30T09:21:03.981Z", "user": 1, "content_type": 17, "object_id": "2", "object_repr": "Commune d\u00e9mo 2", "action_flag": 1, "change_message": "[{\"added\": {}}]"}}, {"model": "admin.logentry", "pk": 105, "fields": {"action_time": "2020-01-30T09:21:49.414Z", "user": 1, "content_type": 22, "object_id": "8", "object_repr": "Nouvelle construction", "action_flag": 1, "change_message": "[{\"added\": {}}]"}}, {"model": "admin.logentry", "pk": 106, "fields": {"action_time": "2020-01-30T09:22:09.407Z", "user": 1, "content_type": 21, "object_id": "8", "object_repr": "Construction provisoire et d\u00e9montable jusqu'\u00e0 3 mois (Nouvelle construction)", "action_flag": 1, "change_message": "[{\"added\": {}}]"}}, {"model": "admin.logentry", "pk": 107, "fields": {"action_time": "2020-01-30T09:22:25.387Z", "user": 1, "content_type": 21, "object_id": "9", "object_repr": "Places de parc (Nouvelle construction)", "action_flag": 1, "change_message": "[{\"added\": {}}]"}}, {"model": "admin.logentry", "pk": 108, "fields": {"action_time": "2020-01-30T09:22:35.566Z", "user": 1, "content_type": 21, "object_id": "10", "object_repr": "Couverts jusqu'\u00e0 40m\u00b2 (Nouvelle construction)", "action_flag": 1, "change_message": "[{\"added\": {}}]"}}, {"model": "admin.logentry", "pk": 109, "fields": {"action_time": "2020-01-30T09:22:46.259Z", "user": 1, "content_type": 21, "object_id": "11", "object_repr": "Pergolas jusqu'\u00e0 40m\u00b2 (Nouvelle construction)", "action_flag": 1, "change_message": "[{\"added\": {}}]"}}, {"model": "admin.logentry", "pk": 110, "fields": {"action_time": "2020-01-30T09:22:59.001Z", "user": 1, "content_type": 21, "object_id": "12", "object_repr": "V\u00e9randa jusqu'\u00e0 40m\u00b2 (Nouvelle construction)", "action_flag": 1, "change_message": "[{\"added\": {}}]"}}, {"model": "admin.logentry", "pk": 111, "fields": {"action_time": "2020-01-30T09:23:09.159Z", "user": 1, "content_type": 21, "object_id": "13", "object_repr": "Jardin d'hiver chauff\u00e9 (Nouvelle construction)", "action_flag": 1, "change_message": "[{\"added\": {}}]"}}, {"model": "admin.logentry", "pk": 112, "fields": {"action_time": "2020-01-30T09:23:23.203Z", "user": 1, "content_type": 21, "object_id": "14", "object_repr": "Jardin d'hiver non chauff\u00e9 (Nouvelle construction)", "action_flag": 1, "change_message": "[{\"added\": {}}]"}}, {"model": "admin.logentry", "pk": 113, "fields": {"action_time": "2020-01-30T09:23:35.834Z", "user": 1, "content_type": 21, "object_id": "15", "object_repr": "Barbecues, fours \u00e0 pains ou pizza (Nouvelle construction)", "action_flag": 1, "change_message": "[{\"added\": {}}]"}}, {"model": "admin.logentry", "pk": 114, "fields": {"action_time": "2020-01-30T09:23:45.723Z", "user": 1, "content_type": 21, "object_id": "16", "object_repr": "Cl\u00f4tures, palissades ou murs jusqu'\u00e0 2m de haut (Nouvelle construction)", "action_flag": 1, "change_message": "[{\"added\": {}}]"}}, {"model": "admin.logentry", "pk": 115, "fields": {"action_time": "2020-01-30T09:23:57.351Z", "user": 1, "content_type": 21, "object_id": "17", "object_repr": "Panneaux solaires en toiture, au sol ou en fa\u00e7ade (Nouvelle construction)", "action_flag": 1, "change_message": "[{\"added\": {}}]"}}, {"model": "admin.logentry", "pk": 116, "fields": {"action_time": "2020-01-30T09:24:39.066Z", "user": 1, "content_type": 21, "object_id": "18", "object_repr": "Avant-toits (Nouvelle construction)", "action_flag": 1, "change_message": "[{\"added\": {}}]"}}, {"model": "admin.logentry", "pk": 117, "fields": {"action_time": "2020-01-30T09:24:52.275Z", "user": 1, "content_type": 21, "object_id": "19", "object_repr": "Balcons (Nouvelle construction)", "action_flag": 1, "change_message": "[{\"added\": {}}]"}}, {"model": "admin.logentry", "pk": 118, "fields": {"action_time": "2020-01-30T09:25:49.472Z", "user": 1, "content_type": 21, "object_id": "20", "object_repr": "Rampes d'acc\u00e8s ou terrasses (Mise en conformit\u00e9)", "action_flag": 1, "change_message": "[{\"added\": {}}]"}}, {"model": "admin.logentry", "pk": 119, "fields": {"action_time": "2020-01-30T09:26:17.165Z", "user": 1, "content_type": 21, "object_id": "21", "object_repr": "Jacuzzis jusqu' 5m\u00b3 (Nouvelle construction)", "action_flag": 1, "change_message": "[{\"added\": {}}]"}}, {"model": "admin.logentry", "pk": 120, "fields": {"action_time": "2020-01-30T09:26:27.142Z", "user": 1, "content_type": 21, "object_id": "22", "object_repr": "Pompes \u00e0 chaleur air-eau (Nouvelle construction)", "action_flag": 1, "change_message": "[{\"added\": {}}]"}}, {"model": "admin.logentry", "pk": 121, "fields": {"action_time": "2020-01-30T09:26:35.210Z", "user": 1, "content_type": 21, "object_id": "23", "object_repr": "Pompes \u00e0 chaleur ou sondes g\u00e9othermiques (Nouvelle construction)", "action_flag": 1, "change_message": "[{\"added\": {}}]"}}, {"model": "admin.logentry", "pk": 122, "fields": {"action_time": "2020-01-30T09:26:43.495Z", "user": 1, "content_type": 21, "object_id": "24", "object_repr": "Chemin\u00e9es ou conduits de chemin\u00e9e (Nouvelle construction)", "action_flag": 1, "change_message": "[{\"added\": {}}]"}}, {"model": "admin.logentry", "pk": 123, "fields": {"action_time": "2020-01-30T09:26:54.478Z", "user": 1, "content_type": 21, "object_id": "25", "object_repr": "Poulaillers jusqu'\u00e0 2m\u00b2 (Nouvelle construction)", "action_flag": 1, "change_message": "[{\"added\": {}}]"}}, {"model": "admin.logentry", "pk": 124, "fields": {"action_time": "2020-01-30T09:38:00.076Z", "user": 1, "content_type": 22, "object_id": "9", "object_repr": "Abattages", "action_flag": 1, "change_message": "[{\"added\": {}}]"}}, {"model": "admin.logentry", "pk": 125, "fields": {"action_time": "2020-01-30T09:38:18.724Z", "user": 1, "content_type": 21, "object_id": "26", "object_repr": "Abattage d'arbres  dont le diam\u00e8tre est \u00e9gal ou sup\u00e9rieur \u00e0 30cm \u00e0 130cm mesur\u00e9 au-dessus du terrain (Abattages)", "action_flag": 1, "change_message": "[{\"added\": {}}]"}}, {"model": "admin.logentry", "pk": 126, "fields": {"action_time": "2020-01-30T09:38:30.918Z", "user": 1, "content_type": 20, "object_id": "33", "object_repr": "Arbres  dont le diam\u00e8tre est \u00e9gal ou sup\u00e9rieur \u00e0 30cm \u00e0 130cm mesur\u00e9 au-dessus du terrain", "action_flag": 2, "change_message": "[{\"changed\": {\"fields\": [\"name\"]}}]"}}, {"model": "admin.logentry", "pk": 127, "fields": {"action_time": "2020-01-30T09:40:01.958Z", "user": 1, "content_type": 21, "object_id": "27", "object_repr": "Rafra\u00eechissements int\u00e9rieurs (R\u00e9novation)", "action_flag": 1, "change_message": "[{\"added\": {}}]"}}, {"model": "admin.logentry", "pk": 128, "fields": {"action_time": "2020-01-30T09:40:24.256Z", "user": 1, "content_type": 21, "object_id": "28", "object_repr": "Redistribution int\u00e9rieures, sans changement d'affectation (Transformation, agrandissement)", "action_flag": 1, "change_message": "[{\"added\": {}}]"}}, {"model": "admin.logentry", "pk": 129, "fields": {"action_time": "2020-01-30T09:40:48.865Z", "user": 1, "content_type": 21, "object_id": "29", "object_repr": "Remplacement des fen\u00eatres et volets (Transformation, agrandissement)", "action_flag": 1, "change_message": "[{\"added\": {}}]"}}, {"model": "admin.logentry", "pk": 130, "fields": {"action_time": "2020-01-30T09:41:08.850Z", "user": 1, "content_type": 21, "object_id": "30", "object_repr": "Elargissement d'ouvertures en fa\u00e7ade (Transformation, agrandissement)", "action_flag": 1, "change_message": "[{\"added\": {}}]"}}, {"model": "admin.logentry", "pk": 131, "fields": {"action_time": "2020-01-30T09:41:27.731Z", "user": 1, "content_type": 21, "object_id": "31", "object_repr": "Isolation p\u00e9riph\u00e9rique (Transformation, agrandissement)", "action_flag": 1, "change_message": "[{\"added\": {}}]"}}, {"model": "admin.logentry", "pk": 132, "fields": {"action_time": "2020-01-30T10:05:40.565Z", "user": 1, "content_type": 21, "object_id": "4", "object_repr": "R\u00e9novations int\u00e9rieures (D\u00e9molition)", "action_flag": 3, "change_message": ""}}, {"model": "admin.logentry", "pk": 133, "fields": {"action_time": "2020-01-30T10:05:40.569Z", "user": 1, "content_type": 21, "object_id": "3", "object_repr": "Rafra\u00eechissements int\u00e9rieurs (D\u00e9molition)", "action_flag": 3, "change_message": ""}}, {"model": "admin.logentry", "pk": 134, "fields": {"action_time": "2020-01-30T10:10:07.045Z", "user": 1, "content_type": 24, "object_id": "2", "object_repr": "Surface [m2]", "action_flag": 2, "change_message": "[{\"changed\": {\"fields\": [\"name\"]}}]"}}, {"model": "admin.logentry", "pk": 135, "fields": {"action_time": "2020-01-30T10:10:29.350Z", "user": 1, "content_type": 24, "object_id": "3", "object_repr": "Document", "action_flag": 2, "change_message": "[{\"changed\": {\"fields\": [\"name\"]}}]"}}, {"model": "admin.logentry", "pk": 136, "fields": {"action_time": "2020-01-30T10:11:08.592Z", "user": 1, "content_type": 24, "object_id": "4", "object_repr": "Le projet concerne la d\u00e9tention ou la garde d'animaux", "action_flag": 3, "change_message": ""}}, {"model": "admin.logentry", "pk": 137, "fields": {"action_time": "2020-01-30T10:11:28.973Z", "user": 1, "content_type": 24, "object_id": "5", "object_repr": "Description", "action_flag": 2, "change_message": "[{\"changed\": {\"fields\": [\"name\", \"works_object_types\"]}}]"}}, {"model": "admin.logentry", "pk": 138, "fields": {"action_time": "2020-01-30T10:12:06.133Z", "user": 1, "content_type": 24, "object_id": "6", "object_repr": "Largeur [m]", "action_flag": 1, "change_message": "[{\"added\": {}}]"}}, {"model": "admin.logentry", "pk": 139, "fields": {"action_time": "2020-01-30T10:12:45.192Z", "user": 1, "content_type": 24, "object_id": "7", "object_repr": "Longueur [m2]", "action_flag": 1, "change_message": "[{\"added\": {}}]"}}, {"model": "admin.logentry", "pk": 140, "fields": {"action_time": "2020-01-30T10:12:49.821Z", "user": 1, "content_type": 24, "object_id": "7", "object_repr": "Longueur [m]", "action_flag": 2, "change_message": "[{\"changed\": {\"fields\": [\"name\"]}}]"}}, {"model": "admin.logentry", "pk": 141, "fields": {"action_time": "2020-01-30T10:13:22.916Z", "user": 1, "content_type": 24, "object_id": "8", "object_repr": "Volume [m3]", "action_flag": 1, "change_message": "[{\"added\": {}}]"}}, {"model": "admin.logentry", "pk": 142, "fields": {"action_time": "2020-01-30T10:13:45.316Z", "user": 1, "content_type": 24, "object_id": "1", "object_repr": "Hauteur [m]", "action_flag": 2, "change_message": "[{\"changed\": {\"fields\": [\"name\", \"works_object_types\"]}}]"}}, {"model": "admin.logentry", "pk": 143, "fields": {"action_time": "2020-01-30T10:14:19.480Z", "user": 1, "content_type": 24, "object_id": "9", "object_repr": "Distance aux limites [m]", "action_flag": 1, "change_message": "[{\"added\": {}}]"}}, {"model": "admin.logentry", "pk": 144, "fields": {"action_time": "2020-01-30T10:14:55.851Z", "user": 1, "content_type": 24, "object_id": "10", "object_repr": "Type de toiture", "action_flag": 1, "change_message": "[{\"added\": {}}]"}}, {"model": "admin.logentry", "pk": 145, "fields": {"action_time": "2020-01-30T10:15:07.470Z", "user": 1, "content_type": 24, "object_id": "10", "object_repr": "Type de toiture", "action_flag": 2, "change_message": "[{\"changed\": {\"fields\": [\"is_mandatory\"]}}]"}}, {"model": "admin.logentry", "pk": 146, "fields": {"action_time": "2020-01-30T10:15:30.988Z", "user": 1, "content_type": 24, "object_id": "11", "object_repr": "Type de couverture", "action_flag": 1, "change_message": "[{\"added\": {}}]"}}, {"model": "admin.logentry", "pk": 147, "fields": {"action_time": "2020-01-30T10:17:22.301Z", "user": 1, "content_type": 24, "object_id": "12", "object_repr": "Mat\u00e9riau", "action_flag": 1, "change_message": "[{\"added\": {}}]"}}, {"model": "admin.logentry", "pk": 148, "fields": {"action_time": "2020-01-30T10:17:53.624Z", "user": 1, "content_type": 24, "object_id": "13", "object_repr": "Teinte (RAL-NCS)", "action_flag": 1, "change_message": "[{\"added\": {}}]"}}, {"model": "admin.logentry", "pk": 149, "fields": {"action_time": "2020-01-30T10:18:48.386Z", "user": 1, "content_type": 24, "object_id": "14", "object_repr": "Ann\u00e9e du b\u00e2timent", "action_flag": 1, "change_message": "[{\"added\": {}}]"}}, {"model": "admin.logentry", "pk": 150, "fields": {"action_time": "2020-01-30T10:30:36.260Z", "user": 1, "content_type": 24, "object_id": "14", "object_repr": "Ann\u00e9e du b\u00e2timent", "action_flag": 2, "change_message": "[{\"changed\": {\"fields\": [\"works_object_types\"]}}]"}}, {"model": "admin.logentry", "pk": 151, "fields": {"action_time": "2020-01-30T10:32:16.164Z", "user": 1, "content_type": 22, "object_id": "3", "object_repr": "R\u00e9novation", "action_flag": 3, "change_message": ""}}, {"model": "admin.logentry", "pk": 152, "fields": {"action_time": "2020-01-30T10:32:36.731Z", "user": 1, "content_type": 22, "object_id": "1", "object_repr": "Transformation", "action_flag": 2, "change_message": "[{\"changed\": {\"fields\": [\"name\"]}}]"}}, {"model": "admin.logentry", "pk": 153, "fields": {"action_time": "2020-01-30T10:34:17.781Z", "user": 1, "content_type": 21, "object_id": "32", "object_repr": "Balcons (D\u00e9molition)", "action_flag": 1, "change_message": "[{\"added\": {}}]"}}, {"model": "admin.logentry", "pk": 154, "fields": {"action_time": "2020-01-30T10:34:43.342Z", "user": 1, "content_type": 21, "object_id": "33", "object_repr": "Rampes d'acc\u00e8s ou terrasses (D\u00e9molition)", "action_flag": 1, "change_message": "[{\"added\": {}}]"}}, {"model": "admin.logentry", "pk": 155, "fields": {"action_time": "2020-01-31T09:07:11.727Z", "user": 1, "content_type": 19, "object_id": "17", "object_repr": "PermitRequest object (17)", "action_flag": 3, "change_message": ""}}, {"model": "admin.logentry", "pk": 156, "fields": {"action_time": "2020-01-31T09:07:11.730Z", "user": 1, "content_type": 19, "object_id": "16", "object_repr": "PermitRequest object (16)", "action_flag": 3, "change_message": ""}}, {"model": "admin.logentry", "pk": 157, "fields": {"action_time": "2020-01-31T09:07:11.733Z", "user": 1, "content_type": 19, "object_id": "15", "object_repr": "PermitRequest object (15)", "action_flag": 3, "change_message": ""}}, {"model": "admin.logentry", "pk": 158, "fields": {"action_time": "2020-01-31T09:07:11.735Z", "user": 1, "content_type": 19, "object_id": "14", "object_repr": "PermitRequest object (14)", "action_flag": 3, "change_message": ""}}, {"model": "admin.logentry", "pk": 159, "fields": {"action_time": "2020-01-31T09:07:11.737Z", "user": 1, "content_type": 19, "object_id": "13", "object_repr": "PermitRequest object (13)", "action_flag": 3, "change_message": ""}}, {"model": "admin.logentry", "pk": 160, "fields": {"action_time": "2020-01-31T09:09:49.651Z", "user": 1, "content_type": 19, "object_id": "16", "object_repr": "PermitRequest object (16)", "action_flag": 3, "change_message": ""}}, {"model": "admin.logentry", "pk": 161, "fields": {"action_time": "2020-01-31T09:09:49.653Z", "user": 1, "content_type": 19, "object_id": "15", "object_repr": "PermitRequest object (15)", "action_flag": 3, "change_message": ""}}, {"model": "admin.logentry", "pk": 162, "fields": {"action_time": "2020-01-31T09:09:49.656Z", "user": 1, "content_type": 19, "object_id": "14", "object_repr": "PermitRequest object (14)", "action_flag": 3, "change_message": ""}}, {"model": "admin.logentry", "pk": 163, "fields": {"action_time": "2020-01-31T09:09:49.658Z", "user": 1, "content_type": 19, "object_id": "13", "object_repr": "PermitRequest object (13)", "action_flag": 3, "change_message": ""}}, {"model": "admin.logentry", "pk": 164, "fields": {"action_time": "2020-02-17T07:49:42.701Z", "user": 1, "content_type": 27, "object_id": "1", "object_repr": 4, "action_flag": 1, "change_message": "[{\"added\": {}}]"}}, {"model": "admin.logentry", "pk": 165, "fields": {"action_time": "2020-02-17T07:50:06.047Z", "user": 1, "content_type": 27, "object_id": "1", "object_repr": 4, "action_flag": 3, "change_message": ""}}, {"model": "admin.logentry", "pk": 166, "fields": {"action_time": "2020-02-17T07:50:27.904Z", "user": 1, "content_type": 27, "object_id": "2", "object_repr": 0, "action_flag": 1, "change_message": "[{\"added\": {}}]"}}, {"model": "admin.logentry", "pk": 167, "fields": {"action_time": "2020-02-17T07:50:34.258Z", "user": 1, "content_type": 27, "object_id": "3", "object_repr": 0, "action_flag": 1, "change_message": "[{\"added\": {}}]"}}, {"model": "admin.logentry", "pk": 168, "fields": {"action_time": "2020-02-17T07:50:45.880Z", "user": 1, "content_type": 27, "object_id": "4", "object_repr": 0, "action_flag": 1, "change_message": "[{\"added\": {}}]"}}, {"model": "admin.logentry", "pk": 169, "fields": {"action_time": "2020-02-17T07:50:57.235Z", "user": 1, "content_type": 27, "object_id": "5", "object_repr": 0, "action_flag": 1, "change_message": "[{\"added\": {}}]"}}, {"model": "admin.logentry", "pk": 170, "fields": {"action_time": "2020-02-17T07:51:05.656Z", "user": 1, "content_type": 27, "object_id": "6", "object_repr": 0, "action_flag": 1, "change_message": "[{\"added\": {}}]"}}, {"model": "admin.logentry", "pk": 171, "fields": {"action_time": "2020-02-17T07:51:23.210Z", "user": 1, "content_type": 27, "object_id": "7", "object_repr": 0, "action_flag": 1, "change_message": "[{\"added\": {}}]"}}, {"model": "admin.logentry", "pk": 172, "fields": {"action_time": "2020-02-17T07:51:33.418Z", "user": 1, "content_type": 27, "object_id": "8", "object_repr": 0, "action_flag": 1, "change_message": "[{\"added\": {}}]"}}, {"model": "admin.logentry", "pk": 173, "fields": {"action_time": "2020-02-17T07:51:48.756Z", "user": 1, "content_type": 27, "object_id": "9", "object_repr": 4, "action_flag": 1, "change_message": "[{\"added\": {}}]"}}, {"model": "admin.logentry", "pk": 174, "fields": {"action_time": "2020-02-17T07:51:56.632Z", "user": 1, "content_type": 27, "object_id": "10", "object_repr": 4, "action_flag": 1, "change_message": "[{\"added\": {}}]"}}, {"model": "admin.logentry", "pk": 175, "fields": {"action_time": "2020-02-17T07:52:03.289Z", "user": 1, "content_type": 27, "object_id": "11", "object_repr": 4, "action_flag": 1, "change_message": "[{\"added\": {}}]"}}, {"model": "admin.logentry", "pk": 176, "fields": {"action_time": "2020-02-17T07:52:16.676Z", "user": 1, "content_type": 27, "object_id": "12", "object_repr": 4, "action_flag": 1, "change_message": "[{\"added\": {}}]"}}, {"model": "admin.logentry", "pk": 177, "fields": {"action_time": "2020-02-17T07:52:26.263Z", "user": 1, "content_type": 27, "object_id": "13", "object_repr": 4, "action_flag": 1, "change_message": "[{\"added\": {}}]"}}, {"model": "admin.logentry", "pk": 178, "fields": {"action_time": "2020-02-17T07:52:57.335Z", "user": 1, "content_type": 27, "object_id": "14", "object_repr": 4, "action_flag": 1, "change_message": "[{\"added\": {}}]"}}]
