[{"model": "contenttypes.contenttype", "fields": {"app_label": "admin", "model": "logentry"}}, {"model": "contenttypes.contenttype", "fields": {"app_label": "auth", "model": "permission"}}, {"model": "contenttypes.contenttype", "fields": {"app_label": "auth", "model": "group"}}, {"model": "contenttypes.contenttype", "fields": {"app_label": "auth", "model": "user"}}, {"model": "contenttypes.contenttype", "fields": {"app_label": "contenttypes", "model": "contenttype"}}, {"model": "contenttypes.contenttype", "fields": {"app_label": "sessions", "model": "session"}}, {"model": "contenttypes.contenttype", "fields": {"app_label": "gpf", "model": "actor"}}, {"model": "contenttypes.contenttype", "fields": {"app_label": "gpf", "model": "archelogy"}}, {"model": "contenttypes.contenttype", "fields": {"app_label": "gpf", "model": "creditortype"}}, {"model": "contenttypes.contenttype", "fields": {"app_label": "gpf", "model": "department"}}, {"model": "contenttypes.contenttype", "fields": {"app_label": "gpf", "model": "document"}}, {"model": "contenttypes.contenttype", "fields": {"app_label": "gpf", "model": "permitrequest"}}, {"model": "contenttypes.contenttype", "fields": {"app_label": "gpf", "model": "sitetype"}}, {"model": "contenttypes.contenttype", "fields": {"app_label": "gpf", "model": "validation"}}, {"model": "contenttypes.contenttype", "fields": {"app_label": "gpf", "model": "mail"}}, {"model": "contenttypes.contenttype", "fields": {"app_label": "gpf", "model": "archeotype"}}, {"model": "contenttypes.contenttype", "fields": {"app_label": "gpf", "model": "administrativeentity"}}, {"model": "contenttypes.contenttype", "fields": {"app_label": "gpf", "model": "validationcommentsample"}}, {"model": "contenttypes.contenttype", "fields": {"app_label": "permits", "model": "permitrequest"}}, {"model": "contenttypes.contenttype", "fields": {"app_label": "permits", "model": "worksobject"}}, {"model": "contenttypes.contenttype", "fields": {"app_label": "permits", "model": "worksobjecttype"}}, {"model": "contenttypes.contenttype", "fields": {"app_label": "permits", "model": "workstype"}}, {"model": "contenttypes.contenttype", "fields": {"app_label": "permits", "model": "worksobjecttypechoice"}}, {"model": "contenttypes.contenttype", "fields": {"app_label": "permits", "model": "worksobjectproperty"}}, {"model": "contenttypes.contenttype", "fields": {"app_label": "permits", "model": "worksobjectpropertyvalue"}}, {"model": "sessions.session", "pk": "00jyhzcr7y0yzojxcxxf231myyariej9", "fields": {"session_data": "ZTQ5ZWE4MTM3NzQ2MjUwOTk4MjNmMmQ2NjZlMTliMDgyNmUzZDRhZjp7Il9hdXRoX3VzZXJfaWQiOiIxIiwiX2F1dGhfdXNlcl9iYWNrZW5kIjoiZGphbmdvLmNvbnRyaWIuYXV0aC5iYWNrZW5kcy5Nb2RlbEJhY2tlbmQiLCJfYXV0aF91c2VyX2hhc2giOiJmYmRlMWEyZWVkNTEwYzgyMmUzYWFlMmI0NzhhYjI1MWJkZDIxNWUwIn0=", "expire_date": "2020-01-02T08:19:59.114Z"}}, {"model": "sessions.session", "pk": "220hll40xkcdfdwfh2owoubhe5czg9ya", "fields": {"session_data": "MTI5OGYwMjQ4MzQ5ZjYzMzE2ZGRlMjE2YWY2MWI4YzRmMDhkY2MxNzp7Il9hdXRoX3VzZXJfaWQiOiIxIiwiX2F1dGhfdXNlcl9iYWNrZW5kIjoiZGphbmdvLmNvbnRyaWIuYXV0aC5iYWNrZW5kcy5Nb2RlbEJhY2tlbmQiLCJfYXV0aF91c2VyX2hhc2giOiJhZjY4ODE1NzRiM2ExNWU3MTlmMmMyNDJmZjJkOWViY2M5ODQxOGZjIn0=", "expire_date": "2020-01-02T12:42:03.365Z"}}, {"model": "sessions.session", "pk": "adlnvjfex14aj67843pvxqt082dzta55", "fields": {"session_data": "MTI5OGYwMjQ4MzQ5ZjYzMzE2ZGRlMjE2YWY2MWI4YzRmMDhkY2MxNzp7Il9hdXRoX3VzZXJfaWQiOiIxIiwiX2F1dGhfdXNlcl9iYWNrZW5kIjoiZGphbmdvLmNvbnRyaWIuYXV0aC5iYWNrZW5kcy5Nb2RlbEJhY2tlbmQiLCJfYXV0aF91c2VyX2hhc2giOiJhZjY4ODE1NzRiM2ExNWU3MTlmMmMyNDJmZjJkOWViY2M5ODQxOGZjIn0=", "expire_date": "2020-01-02T12:49:19.648Z"}}, {"model": "sessions.session", "pk": "jn1y92ng5q7d014goz1fquq473r0f0vp", "fields": {"session_data": "MTI5OGYwMjQ4MzQ5ZjYzMzE2ZGRlMjE2YWY2MWI4YzRmMDhkY2MxNzp7Il9hdXRoX3VzZXJfaWQiOiIxIiwiX2F1dGhfdXNlcl9iYWNrZW5kIjoiZGphbmdvLmNvbnRyaWIuYXV0aC5iYWNrZW5kcy5Nb2RlbEJhY2tlbmQiLCJfYXV0aF91c2VyX2hhc2giOiJhZjY4ODE1NzRiM2ExNWU3MTlmMmMyNDJmZjJkOWViY2M5ODQxOGZjIn0=", "expire_date": "2020-01-30T08:26:23.886Z"}}, {"model": "gpf.administrativeentity", "pk": 1, "fields": {"name": "Demo Administrative Entity", "ofs_id": 1234, "geom": null}}, {"model": "gpf.sitetype", "pk": 1, "fields": {"description": "Trottoir"}}, {"model": "gpf.sitetype", "pk": 2, "fields": {"description": "Chauss\u00e9e"}}, {"model": "gpf.creditortype", "pk": 1, "fields": {"name": "Entreprise"}}, {"model": "gpf.creditortype", "pk": 2, "fields": {"name": "Ma\u00eetre d'ouvrage"}}, {"model": "gpf.archeotype", "pk": 1, "fields": {"description": "Inconnue"}}, {"model": "gpf.archeotype", "pk": 2, "fields": {"description": "D\u00e9j\u00e0 fouill\u00e9"}}, {"model": "gpf.archeotype", "pk": 3, "fields": {"description": "Partiellement fouill\u00e9"}}, {"model": "gpf.archeotype", "pk": 4, "fields": {"description": "Pas fouill\u00e9"}}, {"model": "gpf.permitrequest", "pk": 1, "fields": {"amount": null, "paid": false, "validated": false, "sent": false, "ended": false, "date_start": "2019-12-21", "date_end": "2019-12-28", "date_effective_end": null, "length": "2.00", "width": "2.00", "road_marking_damaged": true, "is_green_area": false, "invoice_to": 1, "company": 2, "project_owner": 1, "administrative_entity": 1, "sitetype": 1, "description": "Demo", "has_archeology": false, "archeotype": null, "address": "Demo Adress 2", "zipcode": null, "city": null, "date_end_work": null, "date_end_work_announcement": null, "date_last_printed": null, "report_filename": null, "date_request_created": "2019-12-19", "geom": "SRID=2056;MULTIPOINT (2538961.079349356 1181060.518743775)"}}, {"model": "gpf.validation", "pk": 1, "fields": {"department": 2, "permitrequest": 1, "accepted": false, "comment": ""}}, {"model": "gpf.mail", "pk": 1, "fields": {"type": "permit_send", "recipients": "demomail@demodemo.demo", "subject": "Permis de fouille d\u00e9livr\u00e9", "body": "Demo message", "administrative_entity": 1}}, {"model": "gpf.mail", "pk": 2, "fields": {"type": "single_validation_remainder", "recipients": "none", "subject": "Un permis attend votre validation", "body": "Demo message", "administrative_entity": 1}}, {"model": "gpf.mail", "pk": 3, "fields": {"type": "daily_validation_remainder", "recipients": "none", "subject": "Une demande de permis attend votre validation", "body": "Demo message", "administrative_entity": 1}}, {"model": "gpf.mail", "pk": 4, "fields": {"type": "end_work_announcement", "recipients": "demomail@demodemo.demo", "subject": "Annonce de fin de travaux", "body": "Demo message", "administrative_entity": 1}}, {"model": "gpf.mail", "pk": 5, "fields": {"type": "new_permit", "recipients": "demomail@demodemo.demo", "subject": "Une nouvelle demande de permis de fouille a \u00e9t\u00e9 d\u00e9pos\u00e9e", "body": "Demo message", "administrative_entity": 1}}, {"model": "gpf.mail", "pk": 6, "fields": {"type": "permit_confirmation", "recipients": "demomail@demodemo.demo", "subject": "Nouvelle demande de permis de fouille", "body": "Demo message", "administrative_entity": 1}}, {"model": "permits.workstype", "pk": 1, "fields": {"name": "Transformation, agrandissement"}}, {"model": "permits.workstype", "pk": 2, "fields": {"name": "D\u00e9molition"}}, {"model": "permits.workstype", "pk": 3, "fields": {"name": "R\u00e9novation"}}, {"model": "permits.worksobjecttype", "pk": 1, "fields": {"works_type": 1, "works_object": 2, "administrative_entities": [1]}}, {"model": "permits.worksobjecttype", "pk": 2, "fields": {"works_type": 1, "works_object": 3, "administrative_entities": [1]}}, {"model": "permits.worksobjecttype", "pk": 3, "fields": {"works_type": 2, "works_object": 1, "administrative_entities": [1]}}, {"model": "permits.worksobjecttype", "pk": 4, "fields": {"works_type": 2, "works_object": 2, "administrative_entities": [1]}}, {"model": "permits.worksobjecttype", "pk": 5, "fields": {"works_type": 3, "works_object": 4, "administrative_entities": [1]}}, {"model": "permits.worksobjecttype", "pk": 6, "fields": {"works_type": 3, "works_object": 3, "administrative_entities": [1]}}, {"model": "permits.worksobjecttype", "pk": 7, "fields": {"works_type": 3, "works_object": 2, "administrative_entities": [1]}}, {"model": "permits.worksobject", "pk": 1, "fields": {"name": "Chemin\u00e9e"}}, {"model": "permits.worksobject", "pk": 2, "fields": {"name": "B\u00fbcher"}}, {"model": "permits.worksobject", "pk": 3, "fields": {"name": "Couverture de terrasse"}}, {"model": "permits.worksobject", "pk": 4, "fields": {"name": "Piscine"}}, {"model": "permits.worksobjectproperty", "pk": 1, "fields": {"name": "Hauteur (m\u00e8tres)", "input_type": "number", "is_mandatory": true, "works_object_types": [3]}}, {"model": "permits.worksobjectproperty", "pk": 2, "fields": {"name": "Surface totale", "input_type": "number", "is_mandatory": true, "works_object_types": [1, 2, 5, 6, 7]}}, {"model": "permits.worksobjectproperty", "pk": 3, "fields": {"name": "Plan", "input_type": "file", "is_mandatory": true, "works_object_types": [1, 2, 5, 6, 7]}}, {"model": "permits.worksobjectproperty", "pk": 4, "fields": {"name": "Le projet concerne la d\u00e9tention ou la garde d'animaux", "input_type": "checkbox", "is_mandatory": false, "works_object_types": [1, 4, 7]}}, {"model": "auth.permission", "fields": {"name": "Can add log entry", "content_type": ["admin", "logentry"], "codename": "add_logentry"}}, {"model": "auth.permission", "fields": {"name": "Can change log entry", "content_type": ["admin", "logentry"], "codename": "change_logentry"}}, {"model": "auth.permission", "fields": {"name": "Can delete log entry", "content_type": ["admin", "logentry"], "codename": "delete_logentry"}}, {"model": "auth.permission", "fields": {"name": "Can view log entry", "content_type": ["admin", "logentry"], "codename": "view_logentry"}}, {"model": "auth.permission", "fields": {"name": "Can add permission", "content_type": ["auth", "permission"], "codename": "add_permission"}}, {"model": "auth.permission", "fields": {"name": "Can change permission", "content_type": ["auth", "permission"], "codename": "change_permission"}}, {"model": "auth.permission", "fields": {"name": "Can delete permission", "content_type": ["auth", "permission"], "codename": "delete_permission"}}, {"model": "auth.permission", "fields": {"name": "Can view permission", "content_type": ["auth", "permission"], "codename": "view_permission"}}, {"model": "auth.permission", "fields": {"name": "Can add group", "content_type": ["auth", "group"], "codename": "add_group"}}, {"model": "auth.permission", "fields": {"name": "Can change group", "content_type": ["auth", "group"], "codename": "change_group"}}, {"model": "auth.permission", "fields": {"name": "Can delete group", "content_type": ["auth", "group"], "codename": "delete_group"}}, {"model": "auth.permission", "fields": {"name": "Can view group", "content_type": ["auth", "group"], "codename": "view_group"}}, {"model": "auth.permission", "fields": {"name": "Can add user", "content_type": ["auth", "user"], "codename": "add_user"}}, {"model": "auth.permission", "fields": {"name": "Can change user", "content_type": ["auth", "user"], "codename": "change_user"}}, {"model": "auth.permission", "fields": {"name": "Can delete user", "content_type": ["auth", "user"], "codename": "delete_user"}}, {"model": "auth.permission", "fields": {"name": "Can view user", "content_type": ["auth", "user"], "codename": "view_user"}}, {"model": "auth.permission", "fields": {"name": "Can add content type", "content_type": ["contenttypes", "contenttype"], "codename": "add_contenttype"}}, {"model": "auth.permission", "fields": {"name": "Can change content type", "content_type": ["contenttypes", "contenttype"], "codename": "change_contenttype"}}, {"model": "auth.permission", "fields": {"name": "Can delete content type", "content_type": ["contenttypes", "contenttype"], "codename": "delete_contenttype"}}, {"model": "auth.permission", "fields": {"name": "Can view content type", "content_type": ["contenttypes", "contenttype"], "codename": "view_contenttype"}}, {"model": "auth.permission", "fields": {"name": "Can add session", "content_type": ["sessions", "session"], "codename": "add_session"}}, {"model": "auth.permission", "fields": {"name": "Can change session", "content_type": ["sessions", "session"], "codename": "change_session"}}, {"model": "auth.permission", "fields": {"name": "Can delete session", "content_type": ["sessions", "session"], "codename": "delete_session"}}, {"model": "auth.permission", "fields": {"name": "Can view session", "content_type": ["sessions", "session"], "codename": "view_session"}}, {"model": "auth.permission", "fields": {"name": "Can add actor", "content_type": ["gpf", "actor"], "codename": "add_actor"}}, {"model": "auth.permission", "fields": {"name": "Can change actor", "content_type": ["gpf", "actor"], "codename": "change_actor"}}, {"model": "auth.permission", "fields": {"name": "Can delete actor", "content_type": ["gpf", "actor"], "codename": "delete_actor"}}, {"model": "auth.permission", "fields": {"name": "Can view actor", "content_type": ["gpf", "actor"], "codename": "view_actor"}}, {"model": "auth.permission", "fields": {"name": "Can add archelogy", "content_type": ["gpf", "archelogy"], "codename": "add_archelogy"}}, {"model": "auth.permission", "fields": {"name": "Can change archelogy", "content_type": ["gpf", "archelogy"], "codename": "change_archelogy"}}, {"model": "auth.permission", "fields": {"name": "Can delete archelogy", "content_type": ["gpf", "archelogy"], "codename": "delete_archelogy"}}, {"model": "auth.permission", "fields": {"name": "Can view archelogy", "content_type": ["gpf", "archelogy"], "codename": "view_archelogy"}}, {"model": "auth.permission", "fields": {"name": "Can add creditortype", "content_type": ["gpf", "creditortype"], "codename": "add_creditortype"}}, {"model": "auth.permission", "fields": {"name": "Can change creditortype", "content_type": ["gpf", "creditortype"], "codename": "change_creditortype"}}, {"model": "auth.permission", "fields": {"name": "Can delete creditortype", "content_type": ["gpf", "creditortype"], "codename": "delete_creditortype"}}, {"model": "auth.permission", "fields": {"name": "Can view creditortype", "content_type": ["gpf", "creditortype"], "codename": "view_creditortype"}}, {"model": "auth.permission", "fields": {"name": "Can add department", "content_type": ["gpf", "department"], "codename": "add_department"}}, {"model": "auth.permission", "fields": {"name": "Can change department", "content_type": ["gpf", "department"], "codename": "change_department"}}, {"model": "auth.permission", "fields": {"name": "Can delete department", "content_type": ["gpf", "department"], "codename": "delete_department"}}, {"model": "auth.permission", "fields": {"name": "Can view department", "content_type": ["gpf", "department"], "codename": "view_department"}}, {"model": "auth.permission", "fields": {"name": "Can add document", "content_type": ["gpf", "document"], "codename": "add_document"}}, {"model": "auth.permission", "fields": {"name": "Can change document", "content_type": ["gpf", "document"], "codename": "change_document"}}, {"model": "auth.permission", "fields": {"name": "Can delete document", "content_type": ["gpf", "document"], "codename": "delete_document"}}, {"model": "auth.permission", "fields": {"name": "Can view document", "content_type": ["gpf", "document"], "codename": "view_document"}}, {"model": "auth.permission", "fields": {"name": "Can add permitrequest", "content_type": ["gpf", "permitrequest"], "codename": "add_permitrequest"}}, {"model": "auth.permission", "fields": {"name": "Can change permitrequest", "content_type": ["gpf", "permitrequest"], "codename": "change_permitrequest"}}, {"model": "auth.permission", "fields": {"name": "Can delete permitrequest", "content_type": ["gpf", "permitrequest"], "codename": "delete_permitrequest"}}, {"model": "auth.permission", "fields": {"name": "Can view permitrequest", "content_type": ["gpf", "permitrequest"], "codename": "view_permitrequest"}}, {"model": "auth.permission", "fields": {"name": "Can change amount", "content_type": ["gpf", "permitrequest"], "codename": "change_amount"}}, {"model": "auth.permission", "fields": {"name": "Can change paid", "content_type": ["gpf", "permitrequest"], "codename": "change_paid"}}, {"model": "auth.permission", "fields": {"name": "Can change geom", "content_type": ["gpf", "permitrequest"], "codename": "change_geom"}}, {"model": "auth.permission", "fields": {"name": "Can change validated", "content_type": ["gpf", "permitrequest"], "codename": "change_validated"}}, {"model": "auth.permission", "fields": {"name": "Can change sent", "content_type": ["gpf", "permitrequest"], "codename": "change_sent"}}, {"model": "auth.permission", "fields": {"name": "Can change ended", "content_type": ["gpf", "permitrequest"], "codename": "change_ended"}}, {"model": "auth.permission", "fields": {"name": "Can change date_effective_end", "content_type": ["gpf", "permitrequest"], "codename": "change_date_effective_end"}}, {"model": "auth.permission", "fields": {"name": "Can change archeotype", "content_type": ["gpf", "permitrequest"], "codename": "change_archeotype"}}, {"model": "auth.permission", "fields": {"name": "Can change date_start", "content_type": ["gpf", "permitrequest"], "codename": "date_start"}}, {"model": "auth.permission", "fields": {"name": "Can add sitetype", "content_type": ["gpf", "sitetype"], "codename": "add_sitetype"}}, {"model": "auth.permission", "fields": {"name": "Can change sitetype", "content_type": ["gpf", "sitetype"], "codename": "change_sitetype"}}, {"model": "auth.permission", "fields": {"name": "Can delete sitetype", "content_type": ["gpf", "sitetype"], "codename": "delete_sitetype"}}, {"model": "auth.permission", "fields": {"name": "Can view sitetype", "content_type": ["gpf", "sitetype"], "codename": "view_sitetype"}}, {"model": "auth.permission", "fields": {"name": "Can add validation", "content_type": ["gpf", "validation"], "codename": "add_validation"}}, {"model": "auth.permission", "fields": {"name": "Can change validation", "content_type": ["gpf", "validation"], "codename": "change_validation"}}, {"model": "auth.permission", "fields": {"name": "Can delete validation", "content_type": ["gpf", "validation"], "codename": "delete_validation"}}, {"model": "auth.permission", "fields": {"name": "Can view validation", "content_type": ["gpf", "validation"], "codename": "view_validation"}}, {"model": "auth.permission", "fields": {"name": "Can add mail", "content_type": ["gpf", "mail"], "codename": "add_mail"}}, {"model": "auth.permission", "fields": {"name": "Can change mail", "content_type": ["gpf", "mail"], "codename": "change_mail"}}, {"model": "auth.permission", "fields": {"name": "Can delete mail", "content_type": ["gpf", "mail"], "codename": "delete_mail"}}, {"model": "auth.permission", "fields": {"name": "Can view mail", "content_type": ["gpf", "mail"], "codename": "view_mail"}}, {"model": "auth.permission", "fields": {"name": "Can add archeotype", "content_type": ["gpf", "archeotype"], "codename": "add_archeotype"}}, {"model": "auth.permission", "fields": {"name": "Can change archeotype", "content_type": ["gpf", "archeotype"], "codename": "change_archeotype"}}, {"model": "auth.permission", "fields": {"name": "Can delete archeotype", "content_type": ["gpf", "archeotype"], "codename": "delete_archeotype"}}, {"model": "auth.permission", "fields": {"name": "Can view archeotype", "content_type": ["gpf", "archeotype"], "codename": "view_archeotype"}}, {"model": "auth.permission", "fields": {"name": "Can add administrative_entity", "content_type": ["gpf", "administrativeentity"], "codename": "add_administrativeentity"}}, {"model": "auth.permission", "fields": {"name": "Can change administrative_entity", "content_type": ["gpf", "administrativeentity"], "codename": "change_administrativeentity"}}, {"model": "auth.permission", "fields": {"name": "Can delete administrative_entity", "content_type": ["gpf", "administrativeentity"], "codename": "delete_administrativeentity"}}, {"model": "auth.permission", "fields": {"name": "Can view administrative_entity", "content_type": ["gpf", "administrativeentity"], "codename": "view_administrativeentity"}}, {"model": "auth.permission", "fields": {"name": "Can add validation_comment_sample", "content_type": ["gpf", "validationcommentsample"], "codename": "add_validationcommentsample"}}, {"model": "auth.permission", "fields": {"name": "Can change validation_comment_sample", "content_type": ["gpf", "validationcommentsample"], "codename": "change_validationcommentsample"}}, {"model": "auth.permission", "fields": {"name": "Can delete validation_comment_sample", "content_type": ["gpf", "validationcommentsample"], "codename": "delete_validationcommentsample"}}, {"model": "auth.permission", "fields": {"name": "Can view validation_comment_sample", "content_type": ["gpf", "validationcommentsample"], "codename": "view_validationcommentsample"}}, {"model": "auth.permission", "fields": {"name": "Can add demande de permis", "content_type": ["permits", "permitrequest"], "codename": "add_permitrequest"}}, {"model": "auth.permission", "fields": {"name": "Can change demande de permis", "content_type": ["permits", "permitrequest"], "codename": "change_permitrequest"}}, {"model": "auth.permission", "fields": {"name": "Can delete demande de permis", "content_type": ["permits", "permitrequest"], "codename": "delete_permitrequest"}}, {"model": "auth.permission", "fields": {"name": "Can view demande de permis", "content_type": ["permits", "permitrequest"], "codename": "view_permitrequest"}}, {"model": "auth.permission", "fields": {"name": "Can add objet des travaux", "content_type": ["permits", "worksobject"], "codename": "add_worksobject"}}, {"model": "auth.permission", "fields": {"name": "Can change objet des travaux", "content_type": ["permits", "worksobject"], "codename": "change_worksobject"}}, {"model": "auth.permission", "fields": {"name": "Can delete objet des travaux", "content_type": ["permits", "worksobject"], "codename": "delete_worksobject"}}, {"model": "auth.permission", "fields": {"name": "Can view objet des travaux", "content_type": ["permits", "worksobject"], "codename": "view_worksobject"}}, {"model": "auth.permission", "fields": {"name": "Can add objet pour types de travaux", "content_type": ["permits", "worksobjecttype"], "codename": "add_worksobjecttype"}}, {"model": "auth.permission", "fields": {"name": "Can change objet pour types de travaux", "content_type": ["permits", "worksobjecttype"], "codename": "change_worksobjecttype"}}, {"model": "auth.permission", "fields": {"name": "Can delete objet pour types de travaux", "content_type": ["permits", "worksobjecttype"], "codename": "delete_worksobjecttype"}}, {"model": "auth.permission", "fields": {"name": "Can view objet pour types de travaux", "content_type": ["permits", "worksobjecttype"], "codename": "view_worksobjecttype"}}, {"model": "auth.permission", "fields": {"name": "Can add type de travaux", "content_type": ["permits", "workstype"], "codename": "add_workstype"}}, {"model": "auth.permission", "fields": {"name": "Can change type de travaux", "content_type": ["permits", "workstype"], "codename": "change_workstype"}}, {"model": "auth.permission", "fields": {"name": "Can delete type de travaux", "content_type": ["permits", "workstype"], "codename": "delete_workstype"}}, {"model": "auth.permission", "fields": {"name": "Can view type de travaux", "content_type": ["permits", "workstype"], "codename": "view_workstype"}}, {"model": "auth.permission", "fields": {"name": "Can add works object type choice", "content_type": ["permits", "worksobjecttypechoice"], "codename": "add_worksobjecttypechoice"}}, {"model": "auth.permission", "fields": {"name": "Can change works object type choice", "content_type": ["permits", "worksobjecttypechoice"], "codename": "change_worksobjecttypechoice"}}, {"model": "auth.permission", "fields": {"name": "Can delete works object type choice", "content_type": ["permits", "worksobjecttypechoice"], "codename": "delete_worksobjecttypechoice"}}, {"model": "auth.permission", "fields": {"name": "Can view works object type choice", "content_type": ["permits", "worksobjecttypechoice"], "codename": "view_worksobjecttypechoice"}}, {"model": "auth.permission", "fields": {"name": "Can add caract\u00e9ristique", "content_type": ["permits", "worksobjectproperty"], "codename": "add_worksobjectproperty"}}, {"model": "auth.permission", "fields": {"name": "Can change caract\u00e9ristique", "content_type": ["permits", "worksobjectproperty"], "codename": "change_worksobjectproperty"}}, {"model": "auth.permission", "fields": {"name": "Can delete caract\u00e9ristique", "content_type": ["permits", "worksobjectproperty"], "codename": "delete_worksobjectproperty"}}, {"model": "auth.permission", "fields": {"name": "Can view caract\u00e9ristique", "content_type": ["permits", "worksobjectproperty"], "codename": "view_worksobjectproperty"}}, {"model": "auth.permission", "fields": {"name": "Can add works object property value", "content_type": ["permits", "worksobjectpropertyvalue"], "codename": "add_worksobjectpropertyvalue"}}, {"model": "auth.permission", "fields": {"name": "Can change works object property value", "content_type": ["permits", "worksobjectpropertyvalue"], "codename": "change_worksobjectpropertyvalue"}}, {"model": "auth.permission", "fields": {"name": "Can delete works object property value", "content_type": ["permits", "worksobjectpropertyvalue"], "codename": "delete_worksobjectpropertyvalue"}}, {"model": "auth.permission", "fields": {"name": "Can view works object property value", "content_type": ["permits", "worksobjectpropertyvalue"], "codename": "view_worksobjectpropertyvalue"}}, {"model": "auth.group", "fields": {"name": "backoffice", "permissions": [["view_actor", "gpf", "actor"], ["view_administrativeentity", "gpf", "administrativeentity"], ["view_archelogy", "gpf", "archelogy"], ["view_archeotype", "gpf", "archeotype"], ["view_creditortype", "gpf", "creditortype"], ["view_department", "gpf", "department"], ["view_document", "gpf", "document"], ["view_mail", "gpf", "mail"], ["change_amount", "gpf", "permitrequest"], ["change_archeotype", "gpf", "permitrequest"], ["change_date_effective_end", "gpf", "permitrequest"], ["change_ended", "gpf", "permitrequest"], ["change_paid", "gpf", "permitrequest"], ["change_sent", "gpf", "permitrequest"], ["change_validated", "gpf", "permitrequest"], ["view_permitrequest", "gpf", "permitrequest"], ["view_sitetype", "gpf", "sitetype"], ["view_validation", "gpf", "validation"], ["view_validationcommentsample", "gpf", "validationcommentsample"]]}}, {"model": "auth.group", "fields": {"name": "validator-1", "permissions": [["view_actor", "gpf", "actor"], ["view_administrativeentity", "gpf", "administrativeentity"], ["view_archelogy", "gpf", "archelogy"], ["view_archeotype", "gpf", "archeotype"], ["view_creditortype", "gpf", "creditortype"], ["view_department", "gpf", "department"], ["view_document", "gpf", "document"], ["view_mail", "gpf", "mail"], ["view_permitrequest", "gpf", "permitrequest"], ["view_sitetype", "gpf", "sitetype"], ["change_validation", "gpf", "validation"], ["view_validation", "gpf", "validation"], ["view_validationcommentsample", "gpf", "validationcommentsample"]]}}, {"model": "auth.user", "fields": {"password": "pbkdf2_sha256$150000$zEy0kG9FMEG9$93Kw1mpyUKw0zyWL+KZdT9RovrveX9Ua7Mx5GM/KyUA=", "last_login": "2020-01-16T08:26:23.878Z", "is_superuser": true, "username": "admin", "first_name": "", "last_name": "", "email": "admin@exampletoto.com", "is_staff": true, "is_active": true, "date_joined": "2019-12-19T08:19:38.011Z", "groups": [], "user_permissions": []}}, {"model": "auth.user", "fields": {"password": "pbkdf2_sha256$150000$edJmxrcnv7dt$ULN9BWdYmveBHsuahOi/o7EE2CiLhoWbejBYELo5Q/8=", "last_login": null, "is_superuser": false, "username": "demo-validator", "first_name": "Demo", "last_name": "Validator", "email": "demomail@demodemo.demo", "is_staff": false, "is_active": true, "date_joined": "2019-12-19T12:38:03Z", "groups": [["validator-1"]], "user_permissions": []}}, {"model": "auth.user", "fields": {"password": "pbkdf2_sha256$150000$TMLYTJP0sw18$G3WId0CpOwVBZ/kyQ6OB0FgwolDaa658yhiJXGsuNHw=", "last_login": null, "is_superuser": false, "username": "demo-backoffice", "first_name": "Demo", "last_name": "Backoffice", "email": "demomail@demodemo.demo", "is_staff": false, "is_active": true, "date_joined": "2019-12-19T12:39:23Z", "groups": [["backoffice"]], "user_permissions": []}}, {"model": "gpf.actor", "pk": 1, "fields": {"name": "demo name", "firstname": "demo surname", "company_name": "enterprise name", "vat_number": null, "address": "Demo adresse 1", "zipcode": 1400, "city": "Demo city", "phone_fixed": "000 000 00 00", "phone_mobile": null, "email": "demomail@demodemo.demo", "user": null}}, {"model": "gpf.actor", "pk": 2, "fields": {"name": "demo name", "firstname": "demo surname", "company_name": "enterprise name", "vat_number": "CHE-123.123.123", "address": "Demo Adress 2", "zipcode": 1400, "city": "Demo city", "phone_fixed": "0000000000", "phone_mobile": null, "email": "demomail@demodemo.demo", "user": null}}, {"model": "gpf.department", "pk": 1, "fields": {"group": ["backoffice"], "description": "Backoffice", "is_validator": false, "is_admin": false, "is_archeologist": false, "administrative_entity": 1}}, {"model": "gpf.department", "pk": 2, "fields": {"group": ["validator-1"], "description": "validator demo 1", "is_validator": true, "is_admin": false, "is_archeologist": false, "administrative_entity": 1}}, {"model": "admin.logentry", "pk": 1, "fields": {"action_time": "2019-12-19T08:21:24.894Z", "user": ["admin"], "content_type": ["gpf", "archeotype"], "object_id": "1", "object_repr": "Inconnue", "action_flag": 1, "change_message": "[{\"added\": {}}]"}}, {"model": "admin.logentry", "pk": 2, "fields": {"action_time": "2019-12-19T08:21:32.058Z", "user": ["admin"], "content_type": ["gpf", "archeotype"], "object_id": "2", "object_repr": "D\u00e9j\u00e0 fouill\u00e9", "action_flag": 1, "change_message": "[{\"added\": {}}]"}}, {"model": "admin.logentry", "pk": 3, "fields": {"action_time": "2019-12-19T08:21:39.165Z", "user": ["admin"], "content_type": ["gpf", "archeotype"], "object_id": "3", "object_repr": "Partiellement fouill\u00e9", "action_flag": 1, "change_message": "[{\"added\": {}}]"}}, {"model": "admin.logentry", "pk": 4, "fields": {"action_time": "2019-12-19T08:21:43.911Z", "user": ["admin"], "content_type": ["gpf", "archeotype"], "object_id": "4", "object_repr": "Pas fouill\u00e9", "action_flag": 1, "change_message": "[{\"added\": {}}]"}}, {"model": "admin.logentry", "pk": 5, "fields": {"action_time": "2019-12-19T08:21:55.261Z", "user": ["admin"], "content_type": ["gpf", "sitetype"], "object_id": "1", "object_repr": "Trottoire", "action_flag": 1, "change_message": "[{\"added\": {}}]"}}, {"model": "admin.logentry", "pk": 6, "fields": {"action_time": "2019-12-19T08:22:03.395Z", "user": ["admin"], "content_type": ["gpf", "sitetype"], "object_id": "2", "object_repr": "Chauss\u00e9e", "action_flag": 1, "change_message": "[{\"added\": {}}]"}}, {"model": "admin.logentry", "pk": 7, "fields": {"action_time": "2019-12-19T08:22:08.601Z", "user": ["admin"], "content_type": ["gpf", "sitetype"], "object_id": "1", "object_repr": "Trottoir", "action_flag": 2, "change_message": "[{\"changed\": {\"fields\": [\"description\"]}}]"}}, {"model": "admin.logentry", "pk": 8, "fields": {"action_time": "2019-12-19T08:23:31.510Z", "user": ["admin"], "content_type": ["auth", "group"], "object_id": "1", "object_repr": "backoffice", "action_flag": 1, "change_message": "[{\"added\": {}}]"}}, {"model": "admin.logentry", "pk": 9, "fields": {"action_time": "2019-12-19T08:24:00.786Z", "user": ["admin"], "content_type": ["auth", "group"], "object_id": "2", "object_repr": "validator-1", "action_flag": 1, "change_message": "[{\"added\": {}}]"}}, {"model": "admin.logentry", "pk": 10, "fields": {"action_time": "2019-12-19T08:24:30.594Z", "user": ["admin"], "content_type": ["gpf", "department"], "object_id": "1", "object_repr": "backoffice", "action_flag": 1, "change_message": "[{\"added\": {}}]"}}, {"model": "admin.logentry", "pk": 11, "fields": {"action_time": "2019-12-19T08:24:43.960Z", "user": ["admin"], "content_type": ["gpf", "department"], "object_id": "2", "object_repr": "validator-1", "action_flag": 1, "change_message": "[{\"added\": {}}]"}}, {"model": "admin.logentry", "pk": 12, "fields": {"action_time": "2019-12-19T08:25:46.153Z", "user": ["admin"], "content_type": ["gpf", "creditortype"], "object_id": "1", "object_repr": "Entreprise", "action_flag": 1, "change_message": "[{\"added\": {}}]"}}, {"model": "admin.logentry", "pk": 13, "fields": {"action_time": "2019-12-19T08:25:57.061Z", "user": ["admin"], "content_type": ["gpf", "creditortype"], "object_id": "2", "object_repr": "Ma\u00eetre d'ouvrage", "action_flag": 1, "change_message": "[{\"added\": {}}]"}}, {"model": "admin.logentry", "pk": 14, "fields": {"action_time": "2019-12-19T10:50:16.393Z", "user": ["admin"], "content_type": ["gpf", "actor"], "object_id": "47", "object_repr": "Bonjour", "action_flag": 3, "change_message": ""}}, {"model": "admin.logentry", "pk": 15, "fields": {"action_time": "2019-12-19T10:50:16.396Z", "user": ["admin"], "content_type": ["gpf", "actor"], "object_id": "46", "object_repr": "Bonjour", "action_flag": 3, "change_message": ""}}, {"model": "admin.logentry", "pk": 16, "fields": {"action_time": "2019-12-19T10:50:16.398Z", "user": ["admin"], "content_type": ["gpf", "actor"], "object_id": "45", "object_repr": "Bonjour", "action_flag": 3, "change_message": ""}}, {"model": "admin.logentry", "pk": 17, "fields": {"action_time": "2019-12-19T10:50:16.400Z", "user": ["admin"], "content_type": ["gpf", "actor"], "object_id": "44", "object_repr": "Bonjour", "action_flag": 3, "change_message": ""}}, {"model": "admin.logentry", "pk": 18, "fields": {"action_time": "2019-12-19T10:50:16.402Z", "user": ["admin"], "content_type": ["gpf", "actor"], "object_id": "43", "object_repr": "Bonjour", "action_flag": 3, "change_message": ""}}, {"model": "admin.logentry", "pk": 19, "fields": {"action_time": "2019-12-19T10:50:16.404Z", "user": ["admin"], "content_type": ["gpf", "actor"], "object_id": "42", "object_repr": "test", "action_flag": 3, "change_message": ""}}, {"model": "admin.logentry", "pk": 20, "fields": {"action_time": "2019-12-19T10:50:16.406Z", "user": ["admin"], "content_type": ["gpf", "actor"], "object_id": "41", "object_repr": "test", "action_flag": 3, "change_message": ""}}, {"model": "admin.logentry", "pk": 21, "fields": {"action_time": "2019-12-19T10:50:16.407Z", "user": ["admin"], "content_type": ["gpf", "actor"], "object_id": "8", "object_repr": "test", "action_flag": 3, "change_message": ""}}, {"model": "admin.logentry", "pk": 22, "fields": {"action_time": "2019-12-19T10:50:16.410Z", "user": ["admin"], "content_type": ["gpf", "actor"], "object_id": "7", "object_repr": "test", "action_flag": 3, "change_message": ""}}, {"model": "admin.logentry", "pk": 23, "fields": {"action_time": "2019-12-19T10:50:16.412Z", "user": ["admin"], "content_type": ["gpf", "actor"], "object_id": "6", "object_repr": "test", "action_flag": 3, "change_message": ""}}, {"model": "admin.logentry", "pk": 24, "fields": {"action_time": "2019-12-19T10:50:16.417Z", "user": ["admin"], "content_type": ["gpf", "actor"], "object_id": "5", "object_repr": "TEST", "action_flag": 3, "change_message": ""}}, {"model": "admin.logentry", "pk": 25, "fields": {"action_time": "2019-12-19T10:50:16.420Z", "user": ["admin"], "content_type": ["gpf", "actor"], "object_id": "4", "object_repr": "test", "action_flag": 3, "change_message": ""}}, {"model": "admin.logentry", "pk": 26, "fields": {"action_time": "2019-12-19T10:50:16.421Z", "user": ["admin"], "content_type": ["gpf", "actor"], "object_id": "3", "object_repr": "test", "action_flag": 3, "change_message": ""}}, {"model": "admin.logentry", "pk": 27, "fields": {"action_time": "2019-12-19T10:50:16.423Z", "user": ["admin"], "content_type": ["gpf", "actor"], "object_id": "2", "object_repr": "test", "action_flag": 3, "change_message": ""}}, {"model": "admin.logentry", "pk": 28, "fields": {"action_time": "2019-12-19T10:50:16.426Z", "user": ["admin"], "content_type": ["gpf", "actor"], "object_id": "1", "object_repr": "test", "action_flag": 3, "change_message": ""}}, {"model": "admin.logentry", "pk": 29, "fields": {"action_time": "2019-12-19T12:33:04.002Z", "user": ["admin"], "content_type": ["gpf", "mail"], "object_id": "1", "object_repr": "Demo Administrative Entity permit_send", "action_flag": 1, "change_message": "[{\"added\": {}}]"}}, {"model": "admin.logentry", "pk": 30, "fields": {"action_time": "2019-12-19T12:33:36.317Z", "user": ["admin"], "content_type": ["gpf", "mail"], "object_id": "2", "object_repr": "Demo Administrative Entity single_validation_remainder", "action_flag": 1, "change_message": "[{\"added\": {}}]"}}, {"model": "admin.logentry", "pk": 31, "fields": {"action_time": "2019-12-19T12:34:25.177Z", "user": ["admin"], "content_type": ["gpf", "mail"], "object_id": "3", "object_repr": "Demo Administrative Entity daily_validation_remainder", "action_flag": 1, "change_message": "[{\"added\": {}}]"}}, {"model": "admin.logentry", "pk": 32, "fields": {"action_time": "2019-12-19T12:35:12.248Z", "user": ["admin"], "content_type": ["gpf", "mail"], "object_id": "4", "object_repr": "Demo Administrative Entity end_work_announcement", "action_flag": 1, "change_message": "[{\"added\": {}}]"}}, {"model": "admin.logentry", "pk": 33, "fields": {"action_time": "2019-12-19T12:35:52.472Z", "user": ["admin"], "content_type": ["gpf", "mail"], "object_id": "5", "object_repr": "Demo Administrative Entity new_permit", "action_flag": 1, "change_message": "[{\"added\": {}}]"}}, {"model": "admin.logentry", "pk": 34, "fields": {"action_time": "2019-12-19T12:36:45.058Z", "user": ["admin"], "content_type": ["gpf", "mail"], "object_id": "6", "object_repr": "Demo Administrative Entity permit_confirmation", "action_flag": 1, "change_message": "[{\"added\": {}}]"}}, {"model": "admin.logentry", "pk": 35, "fields": {"action_time": "2019-12-19T12:38:03.467Z", "user": ["admin"], "content_type": ["auth", "user"], "object_id": "2", "object_repr": "demo-validator", "action_flag": 1, "change_message": "[{\"added\": {}}]"}}, {"model": "admin.logentry", "pk": 36, "fields": {"action_time": "2019-12-19T12:38:43.023Z", "user": ["admin"], "content_type": ["auth", "user"], "object_id": "2", "object_repr": "demo-validator", "action_flag": 2, "change_message": "[{\"changed\": {\"fields\": [\"first_name\", \"last_name\", \"email\", \"groups\"]}}]"}}, {"model": "admin.logentry", "pk": 37, "fields": {"action_time": "2019-12-19T12:39:23.453Z", "user": ["admin"], "content_type": ["auth", "user"], "object_id": "3", "object_repr": "demo-backoffice", "action_flag": 1, "change_message": "[{\"added\": {}}]"}}, {"model": "admin.logentry", "pk": 38, "fields": {"action_time": "2019-12-19T12:39:39.559Z", "user": ["admin"], "content_type": ["auth", "user"], "object_id": "3", "object_repr": "demo-backoffice", "action_flag": 2, "change_message": "[{\"changed\": {\"fields\": [\"first_name\", \"last_name\", \"email\", \"groups\"]}}]"}}, {"model": "admin.logentry", "pk": 39, "fields": {"action_time": "2019-12-19T12:42:03.356Z", "user": ["admin"], "content_type": ["auth", "user"], "object_id": "1", "object_repr": "admin", "action_flag": 2, "change_message": "[{\"changed\": {\"fields\": [\"password\"]}}]"}}, {"model": "admin.logentry", "pk": 40, "fields": {"action_time": "2019-12-19T12:51:05.454Z", "user": ["admin"], "content_type": ["auth", "group"], "object_id": "2", "object_repr": "validator-1", "action_flag": 2, "change_message": "[{\"changed\": {\"fields\": [\"permissions\"]}}]"}}, {"model": "admin.logentry", "pk": 41, "fields": {"action_time": "2020-01-16T08:26:33.017Z", "user": ["admin"], "content_type": ["permits", "worksobject"], "object_id": "1", "object_repr": "Chemin\u00e9e", "action_flag": 1, "change_message": "[{\"added\": {}}]"}}, {"model": "admin.logentry", "pk": 42, "fields": {"action_time": "2020-01-16T08:26:36.663Z", "user": ["admin"], "content_type": ["permits", "worksobject"], "object_id": "2", "object_repr": "B\u00fbcher", "action_flag": 1, "change_message": "[{\"added\": {}}]"}}, {"model": "admin.logentry", "pk": 43, "fields": {"action_time": "2020-01-16T08:26:44.785Z", "user": ["admin"], "content_type": ["permits", "worksobject"], "object_id": "3", "object_repr": "Couverture de terrasse", "action_flag": 1, "change_message": "[{\"added\": {}}]"}}, {"model": "admin.logentry", "pk": 44, "fields": {"action_time": "2020-01-16T08:26:48.558Z", "user": ["admin"], "content_type": ["permits", "worksobject"], "object_id": "4", "object_repr": "Piscine", "action_flag": 1, "change_message": "[{\"added\": {}}]"}}, {"model": "admin.logentry", "pk": 45, "fields": {"action_time": "2020-01-16T08:27:00.283Z", "user": ["admin"], "content_type": ["permits", "workstype"], "object_id": "1", "object_repr": "Transformation, agrandissement", "action_flag": 1, "change_message": "[{\"added\": {}}]"}}, {"model": "admin.logentry", "pk": 46, "fields": {"action_time": "2020-01-16T08:27:03.454Z", "user": ["admin"], "content_type": ["permits", "workstype"], "object_id": "2", "object_repr": "D\u00e9molition", "action_flag": 1, "change_message": "[{\"added\": {}}]"}}, {"model": "admin.logentry", "pk": 47, "fields": {"action_time": "2020-01-16T08:27:12.134Z", "user": ["admin"], "content_type": ["permits", "workstype"], "object_id": "3", "object_repr": "R\u00e9novation", "action_flag": 1, "change_message": "[{\"added\": {}}]"}}, {"model": "admin.logentry", "pk": 48, "fields": {"action_time": "2020-01-16T08:27:29.109Z", "user": ["admin"], "content_type": ["permits", "worksobjecttype"], "object_id": "1", "object_repr": "B\u00fbcher (Transformation, agrandissement)", "action_flag": 1, "change_message": "[{\"added\": {}}]"}}, {"model": "admin.logentry", "pk": 49, "fields": {"action_time": "2020-01-16T08:27:36.514Z", "user": ["admin"], "content_type": ["permits", "worksobjecttype"], "object_id": "2", "object_repr": "Couverture de terrasse (Transformation, agrandissement)", "action_flag": 1, "change_message": "[{\"added\": {}}]"}}, {"model": "admin.logentry", "pk": 50, "fields": {"action_time": "2020-01-16T08:27:40.927Z", "user": ["admin"], "content_type": ["permits", "worksobjecttype"], "object_id": "3", "object_repr": "Chemin\u00e9e (D\u00e9molition)", "action_flag": 1, "change_message": "[{\"added\": {}}]"}}, {"model": "admin.logentry", "pk": 51, "fields": {"action_time": "2020-01-16T08:27:46.328Z", "user": ["admin"], "content_type": ["permits", "worksobjecttype"], "object_id": "4", "object_repr": "B\u00fbcher (D\u00e9molition)", "action_flag": 1, "change_message": "[{\"added\": {}}]"}}, {"model": "admin.logentry", "pk": 52, "fields": {"action_time": "2020-01-16T08:27:54.133Z", "user": ["admin"], "content_type": ["permits", "worksobjecttype"], "object_id": "5", "object_repr": "Piscine (R\u00e9novation)", "action_flag": 1, "change_message": "[{\"added\": {}}]"}}, {"model": "admin.logentry", "pk": 53, "fields": {"action_time": "2020-01-16T08:27:58.658Z", "user": ["admin"], "content_type": ["permits", "worksobjecttype"], "object_id": "6", "object_repr": "Couverture de terrasse (R\u00e9novation)", "action_flag": 1, "change_message": "[{\"added\": {}}]"}}, {"model": "admin.logentry", "pk": 54, "fields": {"action_time": "2020-01-16T08:28:03.605Z", "user": ["admin"], "content_type": ["permits", "worksobjecttype"], "object_id": "7", "object_repr": "B\u00fbcher (R\u00e9novation)", "action_flag": 1, "change_message": "[{\"added\": {}}]"}}, {"model": "admin.logentry", "pk": 55, "fields": {"action_time": "2020-01-16T08:28:28.034Z", "user": ["admin"], "content_type": ["permits", "worksobjectproperty"], "object_id": "1", "object_repr": "Hauteur (m\u00e8tres)", "action_flag": 1, "change_message": "[{\"added\": {}}]"}}, {"model": "admin.logentry", "pk": 56, "fields": {"action_time": "2020-01-16T08:28:47.734Z", "user": ["admin"], "content_type": ["permits", "worksobjectproperty"], "object_id": "2", "object_repr": "Surface totale", "action_flag": 1, "change_message": "[{\"added\": {}}]"}}, {"model": "admin.logentry", "pk": 57, "fields": {"action_time": "2020-01-16T08:29:06.254Z", "user": ["admin"], "content_type": ["permits", "worksobjectproperty"], "object_id": "3", "object_repr": "Plan", "action_flag": 1, "change_message": "[{\"added\": {}}]"}}, {"model": "admin.logentry", "pk": 58, "fields": {"action_time": "2020-01-16T08:29:31.651Z", "user": ["admin"], "content_type": ["permits", "worksobjectproperty"], "object_id": "4", "object_repr": "Le projet concerne la d\u00e9tention ou la garde d'animaux", "action_flag": 1, "change_message": "[{\"added\": {}}]"}}]